#
# There is insufficient memory for the Java Runtime Environment to continue.
# Native memory allocation (mmap) failed to map 65536 bytes. Error detail: Failed to commit metaspace.
# Possible reasons:
#   The system is out of physical RAM or swap space
#   This process is running with CompressedOops enabled, and the Java Heap may be blocking the growth of the native heap
# Possible solutions:
#   Reduce memory load on the system
#   Increase physical memory or swap space
#   Check if swap backing store is full
#   Decrease Java heap size (-Xmx/-Xms)
#   Decrease number of Java threads
#   Decrease Java thread stack sizes (-Xss)
#   Set larger code cache with -XX:ReservedCodeCacheSize=
#   JVM is running with Unscaled Compressed Oops mode in which the Java heap is
#     placed in the first 4GB address space. The Java Heap base address is the
#     maximum limit for the native heap growth. Please use -XX:HeapBaseMinAddress
#     to set the Java Heap base and to place the Java Heap above 4GB virtual address.
# This output file may be truncated or incomplete.
#
#  Out of Memory Error (virtualSpaceNode.cpp:113), pid=9468, tid=4792
#
# JRE version: OpenJDK Runtime Environment Temurin-21.0.7+6 (21.0.7+6) (build 21.0.7+6-LTS)
# Java VM: OpenJDK 64-Bit Server VM Temurin-21.0.7+6 (21.0.7+6-LTS, mixed mode, sharing, tiered, compressed oops, compressed class ptrs, parallel gc, windows-amd64)
# No core dump will be written. Minidumps are not enabled by default on client versions of Windows
#

---------------  S U M M A R Y ------------

Command Line: --add-modules=ALL-SYSTEM --add-opens=java.base/java.util=ALL-UNNAMED --add-opens=java.base/java.lang=ALL-UNNAMED --add-opens=java.base/sun.nio.fs=ALL-UNNAMED -Declipse.application=org.eclipse.jdt.ls.core.id1 -Dosgi.bundles.defaultStartLevel=4 -Declipse.product=org.eclipse.jdt.ls.core.product -Djava.import.generatesMetadataFilesAtProjectRoot=false -DDetectVMInstallationsJob.disabled=true -Dfile.encoding=utf8 -XX:+UseParallelGC -XX:GCTimeRatio=4 -XX:AdaptiveSizePolicyWeight=90 -Dsun.zip.disableMemoryMapping=true -Xmx1G -Xms100m -Xlog:disable -javaagent:c:\Users\wwwam\.vscode\extensions\redhat.java-1.42.0-win32-x64\lombok\lombok-1.18.36.jar c:\Users\wwwam\.vscode\extensions\redhat.java-1.42.0-win32-x64\server\plugins\org.eclipse.equinox.launcher_1.7.0.v20250424-1814.jar -configuration c:\Users\wwwam\AppData\Roaming\Code\User\globalStorage\redhat.java\1.42.0\config_ss_win -data c:\Users\wwwam\AppData\Roaming\Code\User\workspaceStorage\435db6a3ad62e4bc71df4ff9a4b5279e\redhat.java\ss_ws --pipe=\\.\pipe\lsp-3c6a7915e99d472cae6266c72aead603-sock

Host: Intel(R) Core(TM) i3-4005U CPU @ 1.70GHz, 4 cores, 3G,  Windows 10 , 64 bit Build 19041 (10.0.19041.5794)
Time: Sun May 25 02:35:44 2025 Russia TZ 4 Standard Time elapsed time: 25.143246 seconds (0d 0h 0m 25s)

---------------  T H R E A D  ---------------

Current thread (0x000001c16927cdf0):  JavaThread "pool-1-thread-1"        [_thread_in_vm, id=4792, stack(0x0000007ca0f00000,0x0000007ca1000000) (1024K)]

Stack: [0x0000007ca0f00000,0x0000007ca1000000]
Native frames: (J=compiled Java code, j=interpreted, Vv=VM code, C=native code)
V  [jvm.dll+0x6ce119]
V  [jvm.dll+0x8a84a1]
V  [jvm.dll+0x8aa9ce]
V  [jvm.dll+0x8ab0b3]
V  [jvm.dll+0x27f8a6]
V  [jvm.dll+0x8a41ee]
V  [jvm.dll+0x670575]
V  [jvm.dll+0x1e474c]
V  [jvm.dll+0x1e451e]
V  [jvm.dll+0x672e72]
V  [jvm.dll+0x672c92]
V  [jvm.dll+0x670f4e]
V  [jvm.dll+0x269a71]
V  [jvm.dll+0x2156ef]
V  [jvm.dll+0x215bba]
V  [jvm.dll+0x2165e5]
V  [jvm.dll+0x20bbae]
V  [jvm.dll+0x5ae58c]
V  [jvm.dll+0x821706]
V  [jvm.dll+0x4718d6]
V  [jvm.dll+0x4777a8]
C  [java.dll+0x17ec]

Java frames: (J=compiled Java code, j=interpreted, Vv=VM code)
J 1128  java.lang.ClassLoader.defineClass1(Ljava/lang/ClassLoader;Ljava/lang/String;[BIILjava/security/ProtectionDomain;Ljava/lang/String;)Ljava/lang/Class; java.base@21.0.7 (0 bytes) @ 0x000001c1180e2991 [0x000001c1180e28c0+0x00000000000000d1]
J 1887 c1 java.lang.ClassLoader.defineClass(Ljava/lang/String;[BIILjava/security/ProtectionDomain;)Ljava/lang/Class; java.base@21.0.7 (43 bytes) @ 0x000001c110908c7c [0x000001c110908920+0x000000000000035c]
J 2364 c1 org.eclipse.osgi.internal.loader.ModuleClassLoader.defineClass(Ljava/lang/String;[BLorg/eclipse/osgi/internal/loader/classpath/ClasspathEntry;)Lorg/eclipse/osgi/internal/loader/ModuleClassLoader$DefineClassResult; (67 bytes) @ 0x000001c110a256bc [0x000001c110a253a0+0x000000000000031c]
J 2147 c1 org.eclipse.osgi.internal.loader.classpath.ClasspathManager.defineClass(Ljava/lang/String;[BLorg/eclipse/osgi/internal/loader/classpath/ClasspathEntry;Lorg/eclipse/osgi/storage/bundlefile/BundleEntry;Ljava/util/List;)Ljava/lang/Class; (636 bytes) @ 0x000001c11099abe4 [0x000001c110999140+0x0000000000001aa4]
J 2982 c1 org.eclipse.osgi.internal.loader.classpath.ClasspathManager.findClassImpl(Ljava/lang/String;Lorg/eclipse/osgi/internal/loader/classpath/ClasspathEntry;Ljava/util/List;)Ljava/lang/Class; (343 bytes) @ 0x000001c110b87b04 [0x000001c110b84800+0x0000000000003304]
J 1955 c1 org.eclipse.osgi.internal.loader.classpath.ClasspathManager.findLocalClassImpl(Ljava/lang/String;[Lorg/eclipse/osgi/internal/loader/classpath/ClasspathEntry;Ljava/util/List;)Ljava/lang/Class; (55 bytes) @ 0x000001c110934964 [0x000001c1109347e0+0x0000000000000184]
J 1954 c1 org.eclipse.osgi.internal.loader.classpath.ClasspathManager.findLocalClassImpl(Ljava/lang/String;Ljava/util/List;)Ljava/lang/Class; (132 bytes) @ 0x000001c110933f14 [0x000001c1109339e0+0x0000000000000534]
J 2060 c1 org.eclipse.osgi.internal.loader.classpath.ClasspathManager.findLocalClass(Ljava/lang/String;)Ljava/lang/Class; (210 bytes) @ 0x000001c11096d1a4 [0x000001c11096c4e0+0x0000000000000cc4]
J 1946 c1 org.eclipse.osgi.internal.loader.BundleLoader.findLocalClass(Ljava/lang/String;)Ljava/lang/Class; (166 bytes) @ 0x000001c1109290ec [0x000001c110928540+0x0000000000000bac]
J 1852 c1 org.eclipse.osgi.internal.loader.BundleLoader.findClass0(Ljava/lang/String;ZZ)Ljava/lang/Class; (491 bytes) @ 0x000001c1108f80d4 [0x000001c1108f5120+0x0000000000002fb4]
J 1851 c1 org.eclipse.osgi.internal.loader.BundleLoader.findClass(Ljava/lang/String;)Ljava/lang/Class; (8 bytes) @ 0x000001c1108f474c [0x000001c1108f46c0+0x000000000000008c]
J 1853 c1 org.eclipse.osgi.internal.loader.ModuleClassLoader.loadClass(Ljava/lang/String;Z)Ljava/lang/Class; (36 bytes) @ 0x000001c1108fb5cc [0x000001c1108fb3a0+0x000000000000022c]
J 3339 c2 java.lang.ClassLoader.loadClass(Ljava/lang/String;)Ljava/lang/Class; java.base@21.0.7 (7 bytes) @ 0x000001c1181f79ec [0x000001c1181f79a0+0x000000000000004c]
v  ~StubRoutines::call_stub 0x000001c117ad100d
j  com.google.common.base.CharMatcher$InRange.<init>(CC)V+14
j  com.google.common.base.CharMatcher.inRange(CC)Lcom/google/common/base/CharMatcher;+6
j  com.google.common.base.CaseFormat.<clinit>()V+51
v  ~StubRoutines::call_stub 0x000001c117ad100d
j  org.eclipse.jdt.ls.core.internal.handlers.CompletionGuessMethodArgumentsMode.fromString(Ljava/lang/String;Lorg/eclipse/jdt/ls/core/internal/handlers/CompletionGuessMethodArgumentsMode;)Lorg/eclipse/jdt/ls/core/internal/handlers/CompletionGuessMethodArgumentsMode;+4
j  org.eclipse.jdt.ls.core.internal.preferences.Preferences.createFrom(Ljava/util/Map;)Lorg/eclipse/jdt/ls/core/internal/preferences/Preferences;+705
j  org.eclipse.jdt.ls.core.internal.handlers.BaseInitHandler.handleInitializationOptions(Lorg/eclipse/lsp4j/InitializeParams;)Ljava/util/Map;+281
j  org.eclipse.jdt.ls.core.internal.handlers.BaseInitHandler.initialize(Lorg/eclipse/lsp4j/InitializeParams;)Lorg/eclipse/lsp4j/InitializeResult;+21
j  org.eclipse.jdt.ls.core.internal.syntaxserver.SyntaxLanguageServer.initialize(Lorg/eclipse/lsp4j/InitializeParams;)Ljava/util/concurrent/CompletableFuture;+23
j  java.lang.invoke.LambdaForm$DMH+0x000001c123310000.invokeInterface(Ljava/lang/Object;Ljava/lang/Object;Ljava/lang/Object;)Ljava/lang/Object;+24 java.base@21.0.7
j  java.lang.invoke.LambdaForm$MH+0x000001c123183000.invoke(Ljava/lang/Object;Ljava/lang/Object;Ljava/lang/Object;)Ljava/lang/Object;+52 java.base@21.0.7
J 1537 c1 jdk.internal.reflect.DirectMethodHandleAccessor.invoke(Ljava/lang/Object;[Ljava/lang/Object;)Ljava/lang/Object; java.base@21.0.7 (92 bytes) @ 0x000001c11083acbc [0x000001c1108390c0+0x0000000000001bfc]
J 1534 c1 java.lang.reflect.Method.invoke(Ljava/lang/Object;[Ljava/lang/Object;)Ljava/lang/Object; java.base@21.0.7 (108 bytes) @ 0x000001c110837754 [0x000001c110837240+0x0000000000000514]
j  org.eclipse.lsp4j.jsonrpc.services.GenericEndpoint.lambda$recursiveFindRpcMethods$0(Lorg/eclipse/lsp4j/jsonrpc/services/AnnotationUtil$MethodInfo;Ljava/lang/Object;Ljava/lang/Object;)Ljava/util/concurrent/CompletableFuture;+20
j  org.eclipse.lsp4j.jsonrpc.services.GenericEndpoint$$Lambda+0x000001c1232e1c88.apply(Ljava/lang/Object;)Ljava/lang/Object;+13
j  org.eclipse.lsp4j.jsonrpc.services.GenericEndpoint.request(Ljava/lang/String;Ljava/lang/Object;)Ljava/util/concurrent/CompletableFuture;+18
j  org.eclipse.lsp4j.jsonrpc.RemoteEndpoint.handleRequest(Lorg/eclipse/lsp4j/jsonrpc/messages/RequestMessage;)V+12
j  org.eclipse.lsp4j.jsonrpc.RemoteEndpoint.consume(Lorg/eclipse/lsp4j/jsonrpc/messages/Message;)V+34
j  org.eclipse.jdt.ls.core.internal.ParentProcessWatcher.lambda$1(Lorg/eclipse/lsp4j/jsonrpc/MessageConsumer;Lorg/eclipse/lsp4j/jsonrpc/messages/Message;)V+9
j  org.eclipse.jdt.ls.core.internal.ParentProcessWatcher$$Lambda+0x000001c1232aec20.consume(Lorg/eclipse/lsp4j/jsonrpc/messages/Message;)V+9
j  org.eclipse.lsp4j.jsonrpc.json.StreamMessageProducer.handleMessage(Ljava/io/InputStream;Lorg/eclipse/lsp4j/jsonrpc/json/StreamMessageProducer$Headers;)Z+57
j  org.eclipse.lsp4j.jsonrpc.json.StreamMessageProducer.listen(Lorg/eclipse/lsp4j/jsonrpc/MessageConsumer;)V+140
j  org.eclipse.lsp4j.jsonrpc.json.ConcurrentMessageProcessor.run()V+12
j  java.util.concurrent.Executors$RunnableAdapter.call()Ljava/lang/Object;+4 java.base@21.0.7
j  java.util.concurrent.FutureTask.run()V+39 java.base@21.0.7
j  java.util.concurrent.ThreadPoolExecutor.runWorker(Ljava/util/concurrent/ThreadPoolExecutor$Worker;)V+92 java.base@21.0.7
j  java.util.concurrent.ThreadPoolExecutor$Worker.run()V+5 java.base@21.0.7
j  java.lang.Thread.runWith(Ljava/lang/Object;Ljava/lang/Runnable;)V+5 java.base@21.0.7
j  java.lang.Thread.run()V+19 java.base@21.0.7
v  ~StubRoutines::call_stub 0x000001c117ad100d

Compiled method (n/a) 25482 1128     n 0       java.lang.ClassLoader::defineClass1 (native)
 total in heap  [0x000001c1180e2710,0x000001c1180e2b98] = 1160
 relocation     [0x000001c1180e2870,0x000001c1180e28a8] = 56
 main code      [0x000001c1180e28c0,0x000001c1180e2b96] = 726
 stub code      [0x000001c1180e2b96,0x000001c1180e2b98] = 2

[Constant Pool (empty)]

[MachCode]
[Entry Point]
  # {method} {0x000001c122431000} 'defineClass1' '(Ljava/lang/ClassLoader;Ljava/lang/String;[BIILjava/security/ProtectionDomain;Ljava/lang/String;)Ljava/lang/Class;' in 'java/lang/ClassLoader'
  # parm0:    rdx:rdx   = 'java/lang/ClassLoader'
  # parm1:    r8:r8     = 'java/lang/String'
  # parm2:    r9:r9     = '[B'
  # parm3:    rdi       = int
  # parm4:    rsi       = int
  # parm5:    rcx:rcx   = 'java/security/ProtectionDomain'
  # parm6:    [sp+0xa0]   = 'java/lang/String'  (sp of caller)
  0x000001c1180e28c0: 448b 5208 | 49bb 0000 | 0022 c101 | 0000 4d03 | d349 3bc2 | 0f84 0600 

  0x000001c1180e28d8: ;   {runtime_call ic_miss_stub}
  0x000001c1180e28d8: 0000 e9a1 | bba3 ff90 
[Verified Entry Point]
  0x000001c1180e28e0: 8984 2400 | 80ff ff55 | 488b ec48 | 81ec 9000 | 0000 6690 | 4181 7f20 | 0200 0000 

  0x000001c1180e28fc: ;   {runtime_call StubRoutines (final stubs)}
  0x000001c1180e28fc: 7405 e8dd | 60a2 ff48 | 837d 1000 | 488d 4510 | 480f 4445 | 1048 8944 | 2440 4889 | 4c24 7048 
  0x000001c1180e291c: 83f9 0048 | 8d44 2470 | 480f 4444 | 2470 4889 | 4424 3848 | 8974 2430 | 4889 7c24 | 284c 894c 
  0x000001c1180e293c: 2458 4983 | f900 488d | 4424 5848 | 0f44 4424 | 5848 8944 | 2420 4c89 | 4424 5049 | 83f8 004c 
  0x000001c1180e295c: 8d4c 2450 | 4c0f 444c | 2450 4889 | 5424 4848 | 83fa 004c | 8d44 2448 | 4c0f 4444 

  0x000001c1180e2978: ;   {oop(a 'java/lang/Class'{0x00000000c049ef60} = 'java/lang/ClassLoader')}
  0x000001c1180e2978: 2448 49be | 60ef 49c0 | 0000 0000 | 4c89 7424 | 784c 8d74 | 2478 498b | d6c5 f877 

  0x000001c1180e2994: ;   {internal_word}
  0x000001c1180e2994: 49ba 9129 | 0e18 c101 | 0000 4d89 | 97a0 0300 | 0049 89a7 | 9803 0000 

  0x000001c1180e29ac: ;   {external_word}
  0x000001c1180e29ac: 49ba 3d5b | bf2d fd7f | 0000 4180 | 3a00 0f84 | 4e00 0000 | 5241 5041 

  0x000001c1180e29c4: ;   {metadata({method} {0x000001c122431000} 'defineClass1' '(Ljava/lang/ClassLoader;Ljava/lang/String;[BIILjava/security/ProtectionDomain;Ljava/lang/String;)Ljava/lang/Class;' in 'java/lang/ClassLoader')}
  0x000001c1180e29c4: 5148 baf8 | 0f43 22c1 | 0100 0049 | 8bcf 4883 | ec20 40f6 | c40f 0f84 | 1900 0000 | 4883 ec08 
  0x000001c1180e29e4: ;   {runtime_call}
  0x000001c1180e29e4: 48b8 504b | 692d fd7f | 0000 ffd0 | 4883 c408 | e90c 0000 

  0x000001c1180e29f8: ;   {runtime_call}
  0x000001c1180e29f8: 0048 b850 | 4b69 2dfd | 7f00 00ff | d048 83c4 | 2041 5941 | 585a 498d | 8fb8 0300 | 0041 c787 
  0x000001c1180e2a18: 4404 0000 | 0400 0000 

  0x000001c1180e2a20: ;   {runtime_call}
  0x000001c1180e2a20: 48b8 ac16 | 5f5b fd7f | 0000 ffd0 | c5f8 7741 | c787 4404 | 0000 0500 | 0000 f083 | 4424 c000 
  0x000001c1180e2a40: 493b af48 | 0400 000f | 870e 0000 | 0041 83bf | 4004 0000 | 000f 842b | 0000 00c5 | f877 4889 
  0x000001c1180e2a60: 45f8 498b | cf4c 8be4 | 4883 ec20 | 4883 e4f0 

  0x000001c1180e2a70: ;   {runtime_call}
  0x000001c1180e2a70: 48b8 00d1 | 342d fd7f | 0000 ffd0 | 498b e44d | 33e4 488b | 45f8 41c7 | 8744 0400 | 0008 0000 
  0x000001c1180e2a90: 0041 83bf | c004 0000 | 020f 84ca 

  0x000001c1180e2a9c: ;   {external_word}
  0x000001c1180e2a9c: 0000 0049 | ba3d 5bbf | 2dfd 7f00 | 0041 803a | 000f 844c | 0000 0048 

  0x000001c1180e2ab4: ;   {metadata({method} {0x000001c122431000} 'defineClass1' '(Ljava/lang/ClassLoader;Ljava/lang/String;[BIILjava/security/ProtectionDomain;Ljava/lang/String;)Ljava/lang/Class;' in 'java/lang/ClassLoader')}
  0x000001c1180e2ab4: 8945 f848 | baf8 0f43 | 22c1 0100 | 0049 8bcf | 4883 ec20 | 40f6 c40f | 0f84 1900 | 0000 4883 
  0x000001c1180e2ad4: ;   {runtime_call}
  0x000001c1180e2ad4: ec08 48b8 | 504b 692d | fd7f 0000 | ffd0 4883 | c408 e90c 

  0x000001c1180e2ae8: ;   {runtime_call}
  0x000001c1180e2ae8: 0000 0048 | b850 4b69 | 2dfd 7f00 | 00ff d048 | 83c4 2048 | 8b45 f849 | c787 9803 | 0000 0000 
  0x000001c1180e2b08: 0000 49c7 | 87a0 0300 | 0000 0000 | 00c5 f877 | 4885 c00f | 8425 0000 | 00a8 030f | 8508 0000 
  0x000001c1180e2b28: 0048 8b00 | e915 0000 | 00a8 010f | 8509 0000 | 0048 8b40 | fee9 0400 | 0000 488b | 40ff 498b 
  0x000001c1180e2b48: 8f28 0400 | 00c7 8100 | 0100 0000 | 0000 00c9 | 4983 7f08 | 000f 8501 | 0000 00c3 

  0x000001c1180e2b64: ;   {runtime_call StubRoutines (initial stubs)}
  0x000001c1180e2b64: e997 e39e | ffc5 f877 | 4889 45f8 | 4c8b e448 | 83ec 2048 

  0x000001c1180e2b78: ;   {runtime_call}
  0x000001c1180e2b78: 83e4 f048 | b830 8369 | 2dfd 7f00 | 00ff d049 | 8be4 4d33 | e448 8b45 | f8e9 09ff | ffff f4f4 
[/MachCode]


Compiled method (c1) 25551 1887       3       java.lang.ClassLoader::defineClass (43 bytes)
 total in heap  [0x000001c110908710,0x000001c110909070] = 2400
 relocation     [0x000001c110908870,0x000001c110908910] = 160
 main code      [0x000001c110908920,0x000001c110908dc0] = 1184
 stub code      [0x000001c110908dc0,0x000001c110908e38] = 120
 metadata       [0x000001c110908e38,0x000001c110908e68] = 48
 scopes data    [0x000001c110908e68,0x000001c110908f58] = 240
 scopes pcs     [0x000001c110908f58,0x000001c110909038] = 224
 dependencies   [0x000001c110909038,0x000001c110909048] = 16
 nul chk table  [0x000001c110909048,0x000001c110909070] = 40

[Constant Pool (empty)]

[MachCode]
[Entry Point]
  # {method} {0x000001c122431380} 'defineClass' '(Ljava/lang/String;[BIILjava/security/ProtectionDomain;)Ljava/lang/Class;' in 'java/lang/ClassLoader'
  # this:     rdx:rdx   = 'java/lang/ClassLoader'
  # parm0:    r8:r8     = 'java/lang/String'
  # parm1:    r9:r9     = '[B'
  # parm2:    rdi       = int
  # parm3:    rsi       = int
  # parm4:    rcx:rcx   = 'java/security/ProtectionDomain'
  #           [sp+0xc0]  (sp of caller)
  0x000001c110908920: 448b 5208 | 49bb 0000 | 0022 c101 | 0000 4d03 | d34c 3bd0 

  0x000001c110908934: ;   {runtime_call ic_miss_stub}
  0x000001c110908934: 0f85 465b | 2107 660f | 1f44 0000 
[Verified Entry Point]
  0x000001c110908940: 8984 2400 | 80ff ff55 | 4881 ecb0 | 0000 0090 | 4181 7f20 | 0200 0000 

  0x000001c110908958: ;   {runtime_call StubRoutines (final stubs)}
  0x000001c110908958: 7405 e881 | 0020 0748 | 8954 2478 

  0x000001c110908964: ;   {metadata(method data for {method} {0x000001c122431380} 'defineClass' '(Ljava/lang/String;[BIILjava/security/ProtectionDomain;)Ljava/lang/Class;' in 'java/lang/ClassLoader')}
  0x000001c110908964: 48bb f026 | 3964 c101 | 0000 8b83 | cc00 0000 | 83c0 0289 | 83cc 0000 | 0025 fe07 | 0000 85c0 
  0x000001c110908984: 0f84 5803 | 0000 89b4 | 2494 0000 | 0089 bc24 | 9000 0000 | 4c89 8c24 | 8800 0000 

  0x000001c1109089a0: ;   {metadata(method data for {method} {0x000001c122431380} 'defineClass' '(Ljava/lang/String;[BIILjava/security/ProtectionDomain;)Ljava/lang/Class;' in 'java/lang/ClassLoader')}
  0x000001c1109089a0: 488b da48 | b8f0 2639 | 64c1 0100 | 0048 8380 | 1001 0000 | 0149 8bd8 | 4c8b c34c | 8bc9 488b 
  0x000001c1109089c0: ca48 8bd1 | 4889 9c24 | 8000 0000 

  0x000001c1109089cc: ;   {optimized virtual_call}
  0x000001c1109089cc: 6666 90e8 

  0x000001c1109089d0: ; ImmutableOopMap {[120]=Oop [128]=Oop [136]=Oop }
                      ;*invokevirtual preDefineClass {reexecute=0 rethrow=0 return_oop=0}
                      ; - java.lang.ClassLoader::defineClass@4
  0x000001c1109089d0: cce7 f6ff 

  0x000001c1109089d4: ;   {other}
  0x000001c1109089d4: 0f1f 8400 | c402 0000 | 4889 8424 | 9800 0000 | 488b 5424 

  0x000001c1109089e8: ;   {metadata(method data for {method} {0x000001c122431380} 'defineClass' '(Ljava/lang/String;[BIILjava/security/ProtectionDomain;)Ljava/lang/Class;' in 'java/lang/ClassLoader')}
  0x000001c1109089e8: 7849 b8f0 | 2639 64c1 | 0100 0049 | 8380 4801 

  0x000001c1109089f8: ;   {metadata(method data for {method} {0x000001c122431068} 'defineClassSourceLocation' '(Ljava/security/ProtectionDomain;)Ljava/lang/String;' in 'java/lang/ClassLoader')}
  0x000001c1109089f8: 0000 0149 | b808 2e39 | 64c1 0100 | 0041 8b90 | cc00 0000 | 83c2 0241 | 8990 cc00 | 0000 81e2 
  0x000001c110908a18: feff 1f00 | 85d2 0f84 | df02 0000 

  0x000001c110908a24: ; implicit exception: dispatches to 0x000001c110908d24
  0x000001c110908a24: 483b 004c 

  0x000001c110908a28: ;   {metadata(method data for {method} {0x000001c122431068} 'defineClassSourceLocation' '(Ljava/security/ProtectionDomain;)Ljava/lang/String;' in 'java/lang/ClassLoader')}
  0x000001c110908a28: 8bc0 48ba | 082e 3964 | c101 0000 | 4883 8210 | 0100 0001 | 448b 4010 

  0x000001c110908a40: ;   {metadata(method data for {method} {0x000001c122431068} 'defineClassSourceLocation' '(Ljava/security/ProtectionDomain;)Ljava/lang/String;' in 'java/lang/ClassLoader')}
  0x000001c110908a40: 4d85 c048 | ba08 2e39 | 64c1 0100 | 0048 c7c6 | 5801 0000 | 7507 48c7 | c648 0100 | 0048 8b3c 
  0x000001c110908a60: 3248 8d7f | 0148 893c | 320f 850f 

  0x000001c110908a6c: ;   {oop(nullptr)}
  0x000001c110908a6c: 0000 0048 | bb00 0000 | 0000 0000 | 00e9 a901 | 0000 493b | 0049 8bd0 

  0x000001c110908a84: ;   {metadata(method data for {method} {0x000001c122431068} 'defineClassSourceLocation' '(Ljava/security/ProtectionDomain;)Ljava/lang/String;' in 'java/lang/ClassLoader')}
  0x000001c110908a84: 48be 082e | 3964 c101 | 0000 4883 | 8668 0100 | 0001 418b | 500c 4885 

  0x000001c110908a9c: ;   {metadata(method data for {method} {0x000001c122431068} 'defineClassSourceLocation' '(Ljava/security/ProtectionDomain;)Ljava/lang/String;' in 'java/lang/ClassLoader')}
  0x000001c110908a9c: d248 be08 | 2e39 64c1 | 0100 0048 | c7c7 b001 | 0000 7507 | 48c7 c7a0 | 0100 0048 | 8b1c 3e48 
  0x000001c110908abc: 8d5b 0148 | 891c 3e0f | 850f 0000 

  0x000001c110908ac8: ;   {oop(nullptr)}
  0x000001c110908ac8: 0048 bb00 | 0000 0000 | 0000 00e9 | 4f01 0000 

  0x000001c110908ad8: ;   {metadata(method data for {method} {0x000001c122431068} 'defineClassSourceLocation' '(Ljava/security/ProtectionDomain;)Ljava/lang/String;' in 'java/lang/ClassLoader')}
  0x000001c110908ad8: 48be 082e | 3964 c101 | 0000 4883 | 86c0 0100 | 0001 483b | 024c 8bc2 

  0x000001c110908af0: ;   {metadata(method data for {method} {0x000001c122431068} 'defineClassSourceLocation' '(Ljava/security/ProtectionDomain;)Ljava/lang/String;' in 'java/lang/ClassLoader')}
  0x000001c110908af0: 48be 082e | 3964 c101 | 0000 4883 | 86f8 0100 

  0x000001c110908b00: ;   {metadata(method data for {method} {0x000001c12201a838} 'toString' '()Ljava/lang/String;' in 'java/net/URL')}
  0x000001c110908b00: 0001 49b8 | e812 3964 | c101 0000 | 418b b0cc | 0000 0083 | c602 4189 | b0cc 0000 | 0081 e6fe 
  0x000001c110908b20: ff1f 0085 | f60f 8408 | 0200 004c 

  0x000001c110908b2c: ;   {metadata(method data for {method} {0x000001c12201a838} 'toString' '()Ljava/lang/String;' in 'java/net/URL')}
  0x000001c110908b2c: 8bc2 48be | e812 3964 | c101 0000 | 4883 8610 | 0100 0001 

  0x000001c110908b40: ;   {metadata(method data for {method} {0x000001c122424c08} 'toExternalForm' '()Ljava/lang/String;' in 'java/net/URL')}
  0x000001c110908b40: 49b8 709d | 3864 c101 | 0000 418b | b0cc 0000 | 0083 c602 | 4189 b0cc | 0000 0081 | e6fe ff1f 
  0x000001c110908b60: 0085 f60f | 84eb 0100 | 008b 7238 

  0x000001c110908b6c: ; implicit exception: dispatches to 0x000001c110908d75
  0x000001c110908b6c: 483b 064c 

  0x000001c110908b70: ;   {metadata(method data for {method} {0x000001c122424c08} 'toExternalForm' '()Ljava/lang/String;' in 'java/net/URL')}
  0x000001c110908b70: 8bc6 48bf | 709d 3864 | c101 0000 | 458b 4008 | 49ba 0000 | 0022 c101 | 0000 4d03 | c24c 3b87 
  0x000001c110908b90: 2001 0000 | 750d 4883 | 8728 0100 | 0001 e960 | 0000 004c | 3b87 3001 | 0000 750d | 4883 8738 
  0x000001c110908bb0: 0100 0001 | e94a 0000 | 0048 83bf | 2001 0000 | 0075 174c | 8987 2001 | 0000 48c7 | 8728 0100 
  0x000001c110908bd0: 0001 0000 | 00e9 2900 | 0000 4883 | bf30 0100 | 0000 7517 | 4c89 8730 | 0100 0048 | c787 3801 
  0x000001c110908bf0: 0000 0100 | 0000 e908 | 0000 0048 | 8387 1001 | 0000 014c | 8bc2 488b | d60f 1f40 | 0048 b8ff 
  0x000001c110908c10: ffff ffff 

  0x000001c110908c14: ;   {virtual_call}
  0x000001c110908c14: ffff ffe8 

  0x000001c110908c18: ; ImmutableOopMap {[120]=Oop [128]=Oop [136]=Oop [152]=Oop }
                      ;*invokevirtual toExternalForm {reexecute=0 rethrow=0 return_oop=0}
                      ; - java.net.URL::toExternalForm@5
                      ; - java.net.URL::toString@1
                      ; - java.lang.ClassLoader::defineClassSourceLocation@22
                      ; - java.lang.ClassLoader::defineClass@12
  0x000001c110908c18: 040c 2d07 

  0x000001c110908c1c: ;   {other}
  0x000001c110908c1c: 0f1f 8400 | 0c05 0001 | 488b d848 | 8b84 2498 | 0000 008b | b424 9400 | 0000 8bbc | 2490 0000 
  0x000001c110908c3c: 004c 8b8c | 2488 0000 | 004c 8b84 | 2480 0000 | 0048 8b54 

  0x000001c110908c50: ;   {metadata(method data for {method} {0x000001c122431380} 'defineClass' '(Ljava/lang/String;[BIILjava/security/ProtectionDomain;)Ljava/lang/Class;' in 'java/lang/ClassLoader')}
  0x000001c110908c50: 2478 48b9 | f026 3964 | c101 0000 | 4883 8180 | 0100 0001 | 4c8b da49 | 8bd3 488b | c848 891c 
  0x000001c110908c70: 2466 0f1f 

  0x000001c110908c74: ;   {static_call}
  0x000001c110908c74: 4400 00e8 

  0x000001c110908c78: ; ImmutableOopMap {[120]=Oop [152]=Oop }
                      ;*invokestatic defineClass1 {reexecute=0 rethrow=0 return_oop=0}
                      ; - java.lang.ClassLoader::defineClass@27
  0x000001c110908c78: 649c 7d07 

  0x000001c110908c7c: ;   {other}
  0x000001c110908c7c: 0f1f 8400 | 6c05 0002 | 488b 5424 

  0x000001c110908c88: ;   {metadata(method data for {method} {0x000001c122431380} 'defineClass' '(Ljava/lang/String;[BIILjava/security/ProtectionDomain;)Ljava/lang/Class;' in 'java/lang/ClassLoader')}
  0x000001c110908c88: 7849 b8f0 | 2639 64c1 | 0100 0049 | 8380 9001 | 0000 014c | 8bc0 4c8b | 8c24 9800 | 0000 488b 
  0x000001c110908ca8: 5424 7848 | 8984 24a0 | 0000 000f 

  0x000001c110908cb4: ;   {optimized virtual_call}
  0x000001c110908cb4: 1f40 00e8 

  0x000001c110908cb8: ; ImmutableOopMap {[160]=Oop }
                      ;*invokevirtual postDefineClass {reexecute=0 rethrow=0 return_oop=0}
                      ; - java.lang.ClassLoader::defineClass@37
  0x000001c110908cb8: 64d3 f6ff 

  0x000001c110908cbc: ;   {other}
  0x000001c110908cbc: 0f1f 8400 | ac05 0003 | 488b 8424 | a000 0000 | 4881 c4b0 | 0000 005d 

  0x000001c110908cd4: ;   {poll_return}
  0x000001c110908cd4: 493b a748 | 0400 000f | 8799 0000 

  0x000001c110908ce0: ;   {metadata({method} {0x000001c122431380} 'defineClass' '(Ljava/lang/String;[BIILjava/security/ProtectionDomain;)Ljava/lang/Class;' in 'java/lang/ClassLoader')}
  0x000001c110908ce0: 00c3 49ba | 7813 4322 | c101 0000 | 4c89 5424 | 0848 c704 | 24ff ffff 

  0x000001c110908cf8: ;   {runtime_call counter_overflow Runtime1 stub}
  0x000001c110908cf8: ffe8 82c3 

  0x000001c110908cfc: ; ImmutableOopMap {rdx=Oop r8=Oop r9=Oop rcx=Oop [120]=Oop }
                      ;*synchronization entry
                      ; - java.lang.ClassLoader::defineClass@-1
  0x000001c110908cfc: 2c07 e987 

  0x000001c110908d00: ;   {metadata({method} {0x000001c122431068} 'defineClassSourceLocation' '(Ljava/security/ProtectionDomain;)Ljava/lang/String;' in 'java/lang/ClassLoader')}
  0x000001c110908d00: fcff ff49 | ba60 1043 | 22c1 0100 | 004c 8954 | 2408 48c7 | 0424 ffff 

  0x000001c110908d18: ;   {runtime_call counter_overflow Runtime1 stub}
  0x000001c110908d18: ffff e861 

  0x000001c110908d1c: ; ImmutableOopMap {rax=Oop [120]=Oop [128]=Oop [136]=Oop [152]=Oop }
                      ;*synchronization entry
                      ; - java.lang.ClassLoader::defineClassSourceLocation@-1
                      ; - java.lang.ClassLoader::defineClass@12
  0x000001c110908d1c: c32c 07e9 | 00fd ffff 

  0x000001c110908d24: ;   {runtime_call throw_null_pointer_exception Runtime1 stub}
  0x000001c110908d24: e8d7 8623 

  0x000001c110908d28: ; ImmutableOopMap {rax=Oop [120]=Oop [128]=Oop [136]=Oop [152]=Oop }
                      ;*invokevirtual getCodeSource {reexecute=0 rethrow=0 return_oop=0}
                      ; - java.lang.ClassLoader::defineClassSourceLocation@1
                      ; - java.lang.ClassLoader::defineClass@12
                      ;   {runtime_call throw_null_pointer_exception Runtime1 stub}
  0x000001c110908d28: 07e8 d286 

  0x000001c110908d2c: ; ImmutableOopMap {rax=Oop r8=Oop [120]=Oop [128]=Oop [136]=Oop [152]=Oop }
                      ;*invokevirtual getLocation {reexecute=0 rethrow=0 return_oop=0}
                      ; - java.lang.ClassLoader::defineClassSourceLocation@12
                      ; - java.lang.ClassLoader::defineClass@12
                      ;   {runtime_call throw_null_pointer_exception Runtime1 stub}
  0x000001c110908d2c: 2307 e8cd 

  0x000001c110908d30: ; ImmutableOopMap {rdx=Oop [120]=Oop [128]=Oop [136]=Oop [152]=Oop }
                      ;*invokevirtual toString {reexecute=0 rethrow=0 return_oop=0}
                      ; - java.lang.ClassLoader::defineClassSourceLocation@22
                      ; - java.lang.ClassLoader::defineClass@12
                      ;   {metadata({method} {0x000001c12201a838} 'toString' '()Ljava/lang/String;' in 'java/net/URL')}
  0x000001c110908d30: 8623 0749 | ba30 a801 | 22c1 0100 | 004c 8954 | 2408 48c7 | 0424 ffff 

  0x000001c110908d48: ;   {runtime_call counter_overflow Runtime1 stub}
  0x000001c110908d48: ffff e831 

  0x000001c110908d4c: ; ImmutableOopMap {rdx=Oop [120]=Oop [128]=Oop [136]=Oop [152]=Oop }
                      ;*synchronization entry
                      ; - java.net.URL::toString@-1
                      ; - java.lang.ClassLoader::defineClassSourceLocation@22
                      ; - java.lang.ClassLoader::defineClass@12
  0x000001c110908d4c: c32c 07e9 | d7fd ffff 

  0x000001c110908d54: ;   {metadata({method} {0x000001c122424c08} 'toExternalForm' '()Ljava/lang/String;' in 'java/net/URL')}
  0x000001c110908d54: 49ba 004c | 4222 c101 | 0000 4c89 | 5424 0848 | c704 24ff 

  0x000001c110908d68: ;   {runtime_call counter_overflow Runtime1 stub}
  0x000001c110908d68: ffff ffe8 

  0x000001c110908d6c: ; ImmutableOopMap {rdx=Oop [120]=Oop [128]=Oop [136]=Oop [152]=Oop }
                      ;*synchronization entry
                      ; - java.net.URL::toExternalForm@-1
                      ; - java.net.URL::toString@1
                      ; - java.lang.ClassLoader::defineClassSourceLocation@22
                      ; - java.lang.ClassLoader::defineClass@12
  0x000001c110908d6c: 10c3 2c07 | e9f4 fdff 

  0x000001c110908d74: ;   {runtime_call throw_null_pointer_exception Runtime1 stub}
  0x000001c110908d74: ffe8 8686 

  0x000001c110908d78: ; ImmutableOopMap {rdx=Oop rsi=Oop [120]=Oop [128]=Oop [136]=Oop [152]=Oop }
                      ;*invokevirtual toExternalForm {reexecute=0 rethrow=0 return_oop=0}
                      ; - java.net.URL::toExternalForm@5
                      ; - java.net.URL::toString@1
                      ; - java.lang.ClassLoader::defineClassSourceLocation@22
                      ; - java.lang.ClassLoader::defineClass@12
                      ;   {internal_word}
  0x000001c110908d78: 2307 49ba | d48c 9010 | c101 0000 | 4d89 9760 

  0x000001c110908d88: ;   {runtime_call SafepointBlob}
  0x000001c110908d88: 0400 00e9 | 70bd 2107 | 498b 87f8 | 0400 0049 | c787 f804 | 0000 0000 | 0000 49c7 | 8700 0500 
  0x000001c110908da8: 0000 0000 | 0048 81c4 | b000 0000 

  0x000001c110908db4: ;   {runtime_call unwind_exception Runtime1 stub}
  0x000001c110908db4: 5de9 4695 | 2307 f4f4 | f4f4 f4f4 
[Stub Code]
  0x000001c110908dc0: ;   {no_reloc}
  0x000001c110908dc0: 0f1f 4400 

  0x000001c110908dc4: ;   {static_stub}
  0x000001c110908dc4: 0048 bb00 | 0000 0000 

  0x000001c110908dcc: ;   {runtime_call nmethod}
  0x000001c110908dcc: 0000 00e9 | fbff ffff 

  0x000001c110908dd4: ;   {static_stub}
  0x000001c110908dd4: 48bb 0000 | 0000 0000 

  0x000001c110908ddc: ;   {runtime_call nmethod}
  0x000001c110908ddc: 0000 e9fb 

  0x000001c110908de0: ;   {static_stub}
  0x000001c110908de0: ffff ff48 | bb00 0000 | 0000 0000 

  0x000001c110908dec: ;   {runtime_call nmethod}
  0x000001c110908dec: 00e9 fbff 

  0x000001c110908df0: ;   {static_stub}
  0x000001c110908df0: ffff 48bb | 0000 0000 | 0000 0000 

  0x000001c110908dfc: ;   {runtime_call nmethod}
  0x000001c110908dfc: e9fb ffff 

  0x000001c110908e00: ;   {runtime_call handle_exception_from_callee Runtime1 stub}
  0x000001c110908e00: ffe8 fa67 

  0x000001c110908e04: ;   {external_word}
  0x000001c110908e04: 2307 48b9 | 907f 952d | fd7f 0000 | 4883 e4f0 

  0x000001c110908e14: ;   {runtime_call}
  0x000001c110908e14: 48b8 e044 | 582d fd7f | 0000 ffd0 

  0x000001c110908e20: ;   {section_word}
  0x000001c110908e20: f449 ba21 | 8e90 10c1 | 0100 0041 

  0x000001c110908e2c: ;   {runtime_call DeoptimizationBlob}
  0x000001c110908e2c: 52e9 6eaf | 2107 f4f4 | f4f4 f4f4 
[/MachCode]


Compiled method (c1) 25602 2364   !   3       org.eclipse.osgi.internal.loader.ModuleClassLoader::defineClass (67 bytes)
 total in heap  [0x000001c110a25190,0x000001c110a25d70] = 3040
 relocation     [0x000001c110a252f0,0x000001c110a25398] = 168
 main code      [0x000001c110a253a0,0x000001c110a259a0] = 1536
 stub code      [0x000001c110a259a0,0x000001c110a25a10] = 112
 oops           [0x000001c110a25a10,0x000001c110a25a18] = 8
 metadata       [0x000001c110a25a18,0x000001c110a25a58] = 64
 scopes data    [0x000001c110a25a58,0x000001c110a25ba8] = 336
 scopes pcs     [0x000001c110a25ba8,0x000001c110a25cb8] = 272
 dependencies   [0x000001c110a25cb8,0x000001c110a25cd0] = 24
 handler table  [0x000001c110a25cd0,0x000001c110a25d48] = 120
 nul chk table  [0x000001c110a25d48,0x000001c110a25d70] = 40

[Constant Pool (empty)]

[MachCode]
[Entry Point]
  # {method} {0x000001c1645e7ca8} 'defineClass' '(Ljava/lang/String;[BLorg/eclipse/osgi/internal/loader/classpath/ClasspathEntry;)Lorg/eclipse/osgi/internal/loader/ModuleClassLoader$DefineClassResult;' in 'org/eclipse/osgi/internal/loader/ModuleClassLoader'
  # this:     rdx:rdx   = 'org/eclipse/osgi/internal/loader/ModuleClassLoader'
  # parm0:    r8:r8     = 'java/lang/String'
  # parm1:    r9:r9     = '[B'
  # parm2:    rdi:rdi   = 'org/eclipse/osgi/internal/loader/classpath/ClasspathEntry'
  #           [sp+0xb0]  (sp of caller)
  0x000001c110a253a0: 448b 5208 | 49bb 0000 | 0022 c101 | 0000 4d03 | d34c 3bd0 

  0x000001c110a253b4: ;   {runtime_call ic_miss_stub}
  0x000001c110a253b4: 0f85 c690 | 0f07 660f | 1f44 0000 
[Verified Entry Point]
  0x000001c110a253c0: 8984 2400 | 80ff ff55 | 4881 eca0 | 0000 0090 | 4181 7f20 | 0200 0000 

  0x000001c110a253d8: ;   {runtime_call StubRoutines (final stubs)}
  0x000001c110a253d8: 7405 e801 

  0x000001c110a253dc: ;   {metadata(method data for {method} {0x000001c1645e7ca8} 'defineClass' '(Ljava/lang/String;[BLorg/eclipse/osgi/internal/loader/classpath/ClasspathEntry;)Lorg/eclipse/osgi/internal/loader/ModuleClassLoader$DefineClassResult;' in 'org/eclipse/osgi/internal/loader/ModuleClassLoader')}
  0x000001c110a253dc: 360e 0748 | be38 94ab | 64c1 0100 | 008b 9ecc | 0000 0083 | c302 899e | cc00 0000 | 81e3 fe07 
  0x000001c110a253fc: 0000 85db | 0f84 5304 | 0000 4889 | 7c24 704c | 894c 2468 

  0x000001c110a25410: ;   {metadata(method data for {method} {0x000001c1645e7ca8} 'defineClass' '(Ljava/lang/String;[BLorg/eclipse/osgi/internal/loader/classpath/ClasspathEntry;)Lorg/eclipse/osgi/internal/loader/ModuleClassLoader$DefineClassResult;' in 'org/eclipse/osgi/internal/loader/ModuleClassLoader')}
  0x000001c110a25410: 488b f248 | bb38 94ab | 64c1 0100 | 008b 7608 | 49ba 0000 | 0022 c101 | 0000 4903 | f248 3bb3 
  0x000001c110a25430: 2001 0000 | 750d 4883 | 8328 0100 | 0001 e960 | 0000 0048 | 3bb3 3001 | 0000 750d | 4883 8338 
  0x000001c110a25450: 0100 0001 | e94a 0000 | 0048 83bb | 2001 0000 | 0075 1748 | 89b3 2001 | 0000 48c7 | 8328 0100 
  0x000001c110a25470: 0001 0000 | 00e9 2900 | 0000 4883 | bb30 0100 | 0000 7517 | 4889 b330 | 0100 0048 | c783 3801 
  0x000001c110a25490: 0000 0100 | 0000 e908 | 0000 0048 | 8383 1001 

  0x000001c110a254a0: ;   {metadata(method data for {method} {0x000001c16462c958} 'getClassLoadingLock' '(Ljava/lang/String;)Ljava/lang/Object;' in 'org/eclipse/osgi/internal/loader/ModuleClassLoader')}
  0x000001c110a254a0: 0000 0148 | bec0 a891 | 64c1 0100 | 008b 9ecc | 0000 0083 | c302 899e | cc00 0000 | 81e3 feff 
  0x000001c110a254c0: 1f00 85db | 0f84 b003 | 0000 8b72 | 5048 3b06 

  0x000001c110a254d0: ;   {metadata(method data for {method} {0x000001c16462c958} 'getClassLoadingLock' '(Ljava/lang/String;)Ljava/lang/Object;' in 'org/eclipse/osgi/internal/loader/ModuleClassLoader')}
  0x000001c110a254d0: 488b de48 | b8c0 a891 | 64c1 0100 | 0048 8380 | 1001 0000 | 0149 8bd8 | 4c8b c348 | 8954 2458 
  0x000001c110a254f0: 488b d648 | 895c 2460 | 0f1f 8000 

  0x000001c110a254fc: ;   {optimized virtual_call}
  0x000001c110a254fc: 0000 00e8 

  0x000001c110a25500: ; ImmutableOopMap {[88]=Oop [96]=Oop [104]=Oop [112]=Oop }
                      ;*invokevirtual getLock {reexecute=0 rethrow=0 return_oop=0}
                      ; - org.eclipse.osgi.internal.loader.ModuleClassLoader::getClassLoadingLock@5 (line 437)
                      ; - org.eclipse.osgi.internal.loader.ModuleClassLoader::defineClass@8 (line 312)
  0x000001c110a25500: fc54 eeff 

  0x000001c110a25504: ;   {other}
  0x000001c110a25504: 0f1f 8400 | 7403 0000 | 4889 4424 | 7848 8d94 | 2480 0000 | 0048 8bf0 | 4889 7208 

  0x000001c110a25520: ; implicit exception: dispatches to 0x000001c110a258a0
  0x000001c110a25520: 488b 0648 | 83c8 0148 | 8902 f048 | 0fb1 160f | 8412 0000 | 0048 2bc4 | 4825 07f0 | ffff 4889 
  0x000001c110a25540: 020f 855e | 0300 0049 | ff87 4805 | 0000 488b 

  0x000001c110a25550: ;   {metadata(method data for {method} {0x000001c1645e7ca8} 'defineClass' '(Ljava/lang/String;[BLorg/eclipse/osgi/internal/loader/classpath/ClasspathEntry;)Lorg/eclipse/osgi/internal/loader/ModuleClassLoader$DefineClassResult;' in 'org/eclipse/osgi/internal/loader/ModuleClassLoader')}
  0x000001c110a25550: 5424 5848 | be38 94ab | 64c1 0100 | 0048 8386 | 4801 0000 

  0x000001c110a25564: ;   {metadata(method data for {method} {0x000001c122431488} 'findLoadedClass' '(Ljava/lang/String;)Ljava/lang/Class;' in 'java/lang/ClassLoader')}
  0x000001c110a25564: 0148 ba00 | 8423 64c1 | 0100 008b | b2cc 0000 | 0083 c602 | 89b2 cc00 | 0000 81e6 | feff 1f00 
  0x000001c110a25584: 85f6 0f84 | 2c03 0000 

  0x000001c110a2558c: ;   {metadata(method data for {method} {0x000001c122431488} 'findLoadedClass' '(Ljava/lang/String;)Ljava/lang/Class;' in 'java/lang/ClassLoader')}
  0x000001c110a2558c: 48ba 0084 | 2364 c101 | 0000 4883 | 8210 0100 | 0001 488b | 5424 600f 

  0x000001c110a255a4: ;   {static_call}
  0x000001c110a255a4: 1f40 00e8 

  0x000001c110a255a8: ; ImmutableOopMap {[88]=Oop [96]=Oop [104]=Oop [112]=Oop [120]=Oop [136]=Oop }
                      ;*invokestatic checkName {reexecute=0 rethrow=0 return_oop=0}
                      ; - java.lang.ClassLoader::findLoadedClass@1
                      ; - org.eclipse.osgi.internal.loader.ModuleClassLoader::defineClass@17 (line 313)
  0x000001c110a255a8: 949d 7307 

  0x000001c110a255ac: ;   {other}
  0x000001c110a255ac: 0f1f 8400 | 1c04 0001 

  0x000001c110a255b4: ;   {metadata(method data for {method} {0x000001c122431488} 'findLoadedClass' '(Ljava/lang/String;)Ljava/lang/Class;' in 'java/lang/ClassLoader')}
  0x000001c110a255b4: 85c0 49b8 | 0084 2364 | c101 0000 | 48c7 c220 | 0100 0075 | 0748 c7c2 | 3001 0000 | 498b 3410 
  0x000001c110a255d4: 488d 7601 | 4989 3410 | 0f85 0f00 

  0x000001c110a255e0: ;   {oop(nullptr)}
  0x000001c110a255e0: 0000 48be | 0000 0000 | 0000 0000 | e936 0000 | 0048 8b54 

  0x000001c110a255f4: ;   {metadata(method data for {method} {0x000001c122431488} 'findLoadedClass' '(Ljava/lang/String;)Ljava/lang/Class;' in 'java/lang/ClassLoader')}
  0x000001c110a255f4: 2458 49b8 | 0084 2364 | c101 0000 | 4983 8040 | 0100 0001 | 4c8b 4424 | 6048 8b54 | 2458 0f1f 
  0x000001c110a25614: ;   {optimized virtual_call}
  0x000001c110a25614: 4400 00e8 

  0x000001c110a25618: ; ImmutableOopMap {[88]=Oop [96]=Oop [104]=Oop [112]=Oop [120]=Oop [136]=Oop }
                      ;*invokevirtual findLoadedClass0 {reexecute=0 rethrow=0 return_oop=0}
                      ; - java.lang.ClassLoader::findLoadedClass@11
                      ; - org.eclipse.osgi.internal.loader.ModuleClassLoader::defineClass@17 (line 313)
  0x000001c110a25618: a4d6 6607 

  0x000001c110a2561c: ;   {other}
  0x000001c110a2561c: 0f1f 8400 | 8c04 0002 | 488b f048 

  0x000001c110a25628: ;   {metadata(method data for {method} {0x000001c1645e7ca8} 'defineClass' '(Ljava/lang/String;[BLorg/eclipse/osgi/internal/loader/classpath/ClasspathEntry;)Lorg/eclipse/osgi/internal/loader/ModuleClassLoader$DefineClassResult;' in 'org/eclipse/osgi/internal/loader/ModuleClassLoader')}
  0x000001c110a25628: 85f6 49b8 | 3894 ab64 | c101 0000 | 49c7 c190 | 0100 0074 | 0749 c7c1 | 8001 0000 | 4b8b 3c08 
  0x000001c110a25648: 488d 7f01 | 4b89 3c08 | 0f84 0e00 | 0000 488b | de41 b800 | 0000 00e9 | 6900 0000 | 488b 7c24 
  0x000001c110a25668: 704c 8b4c | 2468 4c8b | 4424 6048 | 8b54 2458 

  0x000001c110a25678: ; implicit exception: dispatches to 0x000001c110a258d9
  0x000001c110a25678: 418b 710c 

  0x000001c110a2567c: ; implicit exception: dispatches to 0x000001c110a258de
  0x000001c110a2567c: 483b 0748 

  0x000001c110a25680: ;   {metadata(method data for {method} {0x000001c1645e7ca8} 'defineClass' '(Ljava/lang/String;[BLorg/eclipse/osgi/internal/loader/classpath/ClasspathEntry;)Lorg/eclipse/osgi/internal/loader/ModuleClassLoader$DefineClassResult;' in 'org/eclipse/osgi/internal/loader/ModuleClassLoader')}
  0x000001c110a25680: 8bcf 48bb | 3894 ab64 | c101 0000 | 4883 83b8 | 0100 0001 | 8b4f 1048 

  0x000001c110a25698: ;   {metadata(method data for {method} {0x000001c1645e7ca8} 'defineClass' '(Ljava/lang/String;[BLorg/eclipse/osgi/internal/loader/classpath/ClasspathEntry;)Lorg/eclipse/osgi/internal/loader/ModuleClassLoader$DefineClassResult;' in 'org/eclipse/osgi/internal/loader/ModuleClassLoader')}
  0x000001c110a25698: 8bfa 48bb | 3894 ab64 | c101 0000 | 4883 83d8 | 0100 0001 | bf00 0000 | 0066 0f1f 

  0x000001c110a256b4: ;   {optimized virtual_call}
  0x000001c110a256b4: 4400 00e8 

  0x000001c110a256b8: ; ImmutableOopMap {[120]=Oop [136]=Oop }
                      ;*invokevirtual defineClass {reexecute=0 rethrow=0 return_oop=0}
                      ; - org.eclipse.osgi.internal.loader.ModuleClassLoader::defineClass@37 (line 315)
  0x000001c110a256b8: 8432 eeff 

  0x000001c110a256bc: ;   {other}
  0x000001c110a256bc: 0f1f 8400 | 2c05 0003 | 488b d841 | b801 0000 | 0048 8d84 | 2480 0000 | 0048 8b10 | 4885 d20f 
  0x000001c110a256dc: 840f 0000 | 0048 8b70 | 08f0 480f | b116 0f85 | f301 0000 | 49ff 8f48 

  0x000001c110a256f4: ;   {metadata(method data for {method} {0x000001c1645e7ca8} 'defineClass' '(Ljava/lang/String;[BLorg/eclipse/osgi/internal/loader/classpath/ClasspathEntry;)Lorg/eclipse/osgi/internal/loader/ModuleClassLoader$DefineClassResult;' in 'org/eclipse/osgi/internal/loader/ModuleClassLoader')}
  0x000001c110a256f4: 0500 0048 | ba38 94ab | 64c1 0100 | 00ff 8210 

  0x000001c110a25704: ;   {metadata('org/eclipse/osgi/internal/loader/ModuleClassLoader$DefineClassResult')}
  0x000001c110a25704: 0200 0048 | ba58 cc11 | 23c1 0100 | 0049 8b87 | b801 0000 | 488d 7818 | 493b bfc8 | 0100 000f 
  0x000001c110a25724: 87d0 0100 | 0049 89bf | b801 0000 | 48c7 0001 | 0000 0048 | 8bca 49ba | 0000 0022 | c101 0000 
  0x000001c110a25744: 492b ca89 | 4808 4833 | c989 480c | 4833 c948 | 8948 1048 

  0x000001c110a25758: ;   {metadata(method data for {method} {0x000001c1645e7ca8} 'defineClass' '(Ljava/lang/String;[BLorg/eclipse/osgi/internal/loader/classpath/ClasspathEntry;)Lorg/eclipse/osgi/internal/loader/ModuleClassLoader$DefineClassResult;' in 'org/eclipse/osgi/internal/loader/ModuleClassLoader')}
  0x000001c110a25758: 8bf0 48bf | 3894 ab64 | c101 0000 | 4883 8728 | 0200 0001 

  0x000001c110a2576c: ;   {metadata(method data for {method} {0x000001c164739810} '<init>' '(Ljava/lang/Class;Z)V' in 'org/eclipse/osgi/internal/loader/ModuleClassLoader$DefineClassResult')}
  0x000001c110a2576c: 48be 3098 | ab64 c101 | 0000 8bbe | cc00 0000 | 83c7 0289 | becc 0000 | 0081 e7fe | ff1f 0085 
  0x000001c110a2578c: ff0f 8473 | 0100 0048 

  0x000001c110a25794: ;   {metadata(method data for {method} {0x000001c164739810} '<init>' '(Ljava/lang/Class;Z)V' in 'org/eclipse/osgi/internal/loader/ModuleClassLoader$DefineClassResult')}
  0x000001c110a25794: 8bf0 48bf | 3098 ab64 | c101 0000 | 4883 8710 | 0100 0001 

  0x000001c110a257a8: ;   {metadata(method data for {method} {0x000001c122470e38} '<init>' '()V' in 'java/lang/Object')}
  0x000001c110a257a8: 48be f862 | 0064 c101 | 0000 8bbe | cc00 0000 | 83c7 0289 | becc 0000 | 0081 e7fe | ff1f 0085 
  0x000001c110a257c8: ff0f 8458 | 0100 004c | 8bd3 4489 | 5010 488d | 3048 c1ee | 0948 bf00 | 0075 0cc1 | 0100 00c6 
  0x000001c110a257e8: 043e 0041 | 83e0 0144 | 8840 0c48 | 81c4 a000 

  0x000001c110a257f8: ;   {poll_return}
  0x000001c110a257f8: 0000 5d49 | 3ba7 4804 | 0000 0f87 | 4001 0000 | c349 8b87 | f804 0000 | 4d33 d24d | 8997 f804 
  0x000001c110a25818: 0000 4d33 | d24d 8997 | 0005 0000 | 488b f048 | 8d84 2480 | 0000 0048 | 8b38 4885 | ff0f 840f 
  0x000001c110a25838: 0000 0048 | 8b58 08f0 | 480f b13b | 0f85 1401 | 0000 49ff | 8f48 0500 | 0048 8bc6 | e938 0100 
  0x000001c110a25858: ;   {metadata({method} {0x000001c1645e7ca8} 'defineClass' '(Ljava/lang/String;[BLorg/eclipse/osgi/internal/loader/classpath/ClasspathEntry;)Lorg/eclipse/osgi/internal/loader/ModuleClassLoader$DefineClassResult;' in 'org/eclipse/osgi/internal/loader/ModuleClassLoader')}
  0x000001c110a25858: 0049 baa0 | 7c5e 64c1 | 0100 004c | 8954 2408 | 48c7 0424 | ffff ffff 

  0x000001c110a25870: ;   {runtime_call counter_overflow Runtime1 stub}
  0x000001c110a25870: e80b f81a 

  0x000001c110a25874: ; ImmutableOopMap {rdx=Oop r8=Oop r9=Oop rdi=Oop }
                      ;*synchronization entry
                      ; - org.eclipse.osgi.internal.loader.ModuleClassLoader::defineClass@-1 (line 310)
  0x000001c110a25874: 07e9 8cfb 

  0x000001c110a25878: ;   {metadata({method} {0x000001c16462c958} 'getClassLoadingLock' '(Ljava/lang/String;)Ljava/lang/Object;' in 'org/eclipse/osgi/internal/loader/ModuleClassLoader')}
  0x000001c110a25878: ffff 49ba | 50c9 6264 | c101 0000 | 4c89 5424 | 0848 c704 | 24ff ffff 

  0x000001c110a25890: ;   {runtime_call counter_overflow Runtime1 stub}
  0x000001c110a25890: ffe8 eaf7 

  0x000001c110a25894: ; ImmutableOopMap {rdx=Oop r8=Oop [104]=Oop [112]=Oop }
                      ;*synchronization entry
                      ; - org.eclipse.osgi.internal.loader.ModuleClassLoader::getClassLoadingLock@-1 (line 437)
                      ; - org.eclipse.osgi.internal.loader.ModuleClassLoader::defineClass@8 (line 312)
  0x000001c110a25894: 1a07 e92f 

  0x000001c110a25898: ;   {runtime_call throw_null_pointer_exception Runtime1 stub}
  0x000001c110a25898: fcff ffe8 

  0x000001c110a2589c: ; ImmutableOopMap {rdx=Oop r8=Oop rsi=Oop [104]=Oop [112]=Oop }
                      ;*invokevirtual getLock {reexecute=0 rethrow=0 return_oop=0}
                      ; - org.eclipse.osgi.internal.loader.ModuleClassLoader::getClassLoadingLock@5 (line 437)
                      ; - org.eclipse.osgi.internal.loader.ModuleClassLoader::defineClass@8 (line 312)
  0x000001c110a2589c: 60bb 1107 

  0x000001c110a258a0: ;   {runtime_call throw_null_pointer_exception Runtime1 stub}
  0x000001c110a258a0: e85b bb11 

  0x000001c110a258a4: ; ImmutableOopMap {rsi=Oop [88]=Oop [96]=Oop [104]=Oop [112]=Oop [120]=Oop }
                      ;*monitorenter {reexecute=0 rethrow=0 return_oop=0}
                      ; - org.eclipse.osgi.internal.loader.ModuleClassLoader::defineClass@14 (line 312)
  0x000001c110a258a4: 0748 8974 | 2408 4889 

  0x000001c110a258ac: ;   {runtime_call monitorenter_nofpu Runtime1 stub}
  0x000001c110a258ac: 1424 e8cd 

  0x000001c110a258b0: ; ImmutableOopMap {rsi=Oop [88]=Oop [96]=Oop [104]=Oop [112]=Oop [120]=Oop [136]=Oop }
                      ;*monitorenter {reexecute=0 rethrow=0 return_oop=0}
                      ; - org.eclipse.osgi.internal.loader.ModuleClassLoader::defineClass@14 (line 312)
  0x000001c110a258b0: d61a 07e9 | 96fc ffff 

  0x000001c110a258b8: ;   {metadata({method} {0x000001c122431488} 'findLoadedClass' '(Ljava/lang/String;)Ljava/lang/Class;' in 'java/lang/ClassLoader')}
  0x000001c110a258b8: 49ba 8014 | 4322 c101 | 0000 4c89 | 5424 0848 | c704 24ff 

  0x000001c110a258cc: ;   {runtime_call counter_overflow Runtime1 stub}
  0x000001c110a258cc: ffff ffe8 

  0x000001c110a258d0: ; ImmutableOopMap {[88]=Oop [96]=Oop [104]=Oop [112]=Oop [120]=Oop [136]=Oop }
                      ;*synchronization entry
                      ; - java.lang.ClassLoader::findLoadedClass@-1
                      ; - org.eclipse.osgi.internal.loader.ModuleClassLoader::defineClass@17 (line 313)
  0x000001c110a258d0: acf7 1a07 | e9b3 fcff 

  0x000001c110a258d8: ;   {runtime_call throw_null_pointer_exception Runtime1 stub}
  0x000001c110a258d8: ffe8 22bb 

  0x000001c110a258dc: ; ImmutableOopMap {rdx=Oop r8=Oop r9=Oop rdi=Oop [120]=Oop [136]=Oop }
                      ;*arraylength {reexecute=0 rethrow=0 return_oop=0}
                      ; - org.eclipse.osgi.internal.loader.ModuleClassLoader::defineClass@32 (line 315)
                      ;   {runtime_call throw_null_pointer_exception Runtime1 stub}
  0x000001c110a258dc: 1107 e81d 

  0x000001c110a258e0: ; ImmutableOopMap {rdx=Oop r8=Oop r9=Oop rdi=Oop [120]=Oop [136]=Oop }
                      ;*invokevirtual getDomain {reexecute=0 rethrow=0 return_oop=0}
                      ; - org.eclipse.osgi.internal.loader.ModuleClassLoader::defineClass@34 (line 315)
  0x000001c110a258e0: bb11 0748 | 8d84 2480 | 0000 0048 

  0x000001c110a258ec: ;   {runtime_call monitorexit_nofpu Runtime1 stub}
  0x000001c110a258ec: 8904 24e8 | 8cdc 1a07 | e9fe fdff | ff48 8bd2 

  0x000001c110a258fc: ;   {runtime_call fast_new_instance Runtime1 stub}
  0x000001c110a258fc: e8ff b111 

  0x000001c110a25900: ; ImmutableOopMap {rbx=Oop }
                      ;*new {reexecute=0 rethrow=0 return_oop=0}
                      ; - org.eclipse.osgi.internal.loader.ModuleClassLoader::defineClass@55 (line 319)
  0x000001c110a25900: 07e9 51fe 

  0x000001c110a25904: ;   {metadata({method} {0x000001c164739810} '<init>' '(Ljava/lang/Class;Z)V' in 'org/eclipse/osgi/internal/loader/ModuleClassLoader$DefineClassResult')}
  0x000001c110a25904: ffff 49ba | 0898 7364 | c101 0000 | 4c89 5424 | 0848 c704 | 24ff ffff 

  0x000001c110a2591c: ;   {runtime_call counter_overflow Runtime1 stub}
  0x000001c110a2591c: ffe8 5ef7 

  0x000001c110a25920: ; ImmutableOopMap {rbx=Oop rax=Oop }
                      ;*synchronization entry
                      ; - org.eclipse.osgi.internal.loader.ModuleClassLoader$DefineClassResult::<init>@-1 (line 96)
                      ; - org.eclipse.osgi.internal.loader.ModuleClassLoader::defineClass@63 (line 319)
  0x000001c110a25920: 1a07 e96c 

  0x000001c110a25924: ;   {metadata({method} {0x000001c122470e38} '<init>' '()V' in 'java/lang/Object')}
  0x000001c110a25924: feff ff49 | ba30 0e47 | 22c1 0100 | 004c 8954 | 2408 48c7 | 0424 ffff 

  0x000001c110a2593c: ;   {runtime_call counter_overflow Runtime1 stub}
  0x000001c110a2593c: ffff e83d 

  0x000001c110a25940: ; ImmutableOopMap {rbx=Oop rax=Oop }
                      ;*synchronization entry
                      ; - java.lang.Object::<init>@-1
                      ; - org.eclipse.osgi.internal.loader.ModuleClassLoader$DefineClassResult::<init>@1 (line 96)
                      ; - org.eclipse.osgi.internal.loader.ModuleClassLoader::defineClass@63 (line 319)
  0x000001c110a25940: f71a 07e9 | 87fe ffff 

  0x000001c110a25948: ;   {internal_word}
  0x000001c110a25948: 49ba fb57 | a210 c101 | 0000 4d89 | 9760 0400 

  0x000001c110a25958: ;   {runtime_call SafepointBlob}
  0x000001c110a25958: 00e9 a2f1 | 0f07 488d | 8424 8000 | 0000 4889 

  0x000001c110a25968: ;   {runtime_call monitorexit_nofpu Runtime1 stub}
  0x000001c110a25968: 0424 e811 | dc1a 07e9 | ddfe ffff | 498b 87f8 | 0400 0049 | c787 f804 | 0000 0000 | 0000 49c7 
  0x000001c110a25988: 8700 0500 | 0000 0000 | 0048 81c4 | a000 0000 

  0x000001c110a25998: ;   {runtime_call unwind_exception Runtime1 stub}
  0x000001c110a25998: 5de9 62c9 | 1107 f4f4 
[Stub Code]
  0x000001c110a259a0: ;   {no_reloc}
  0x000001c110a259a0: 48bb 0000 | 0000 0000 

  0x000001c110a259a8: ;   {runtime_call nmethod}
  0x000001c110a259a8: 0000 e9fb 

  0x000001c110a259ac: ;   {static_stub}
  0x000001c110a259ac: ffff ff48 | bb00 0000 | 0000 0000 

  0x000001c110a259b8: ;   {runtime_call nmethod}
  0x000001c110a259b8: 00e9 fbff 

  0x000001c110a259bc: ;   {static_stub}
  0x000001c110a259bc: ffff 48bb | 0000 0000 | 0000 0000 

  0x000001c110a259c8: ;   {runtime_call nmethod}
  0x000001c110a259c8: e9fb ffff 

  0x000001c110a259cc: ;   {static_stub}
  0x000001c110a259cc: ff48 bb00 | 0000 0000 

  0x000001c110a259d4: ;   {runtime_call nmethod}
  0x000001c110a259d4: 0000 00e9 | fbff ffff 
[Exception Handler]
  0x000001c110a259dc: ;   {runtime_call handle_exception_from_callee Runtime1 stub}
  0x000001c110a259dc: e81f 9c11 

  0x000001c110a259e0: ;   {external_word}
  0x000001c110a259e0: 0748 b990 | 7f95 2dfd | 7f00 0048 

  0x000001c110a259ec: ;   {runtime_call}
  0x000001c110a259ec: 83e4 f048 | b8e0 4458 | 2dfd 7f00 | 00ff d0f4 
[Deopt Handler Code]
  0x000001c110a259fc: ;   {section_word}
  0x000001c110a259fc: 49ba fc59 | a210 c101 | 0000 4152 

  0x000001c110a25a08: ;   {runtime_call DeoptimizationBlob}
  0x000001c110a25a08: e993 e30f | 07f4 f4f4 
[/MachCode]


---------------  P R O C E S S  ---------------

Threads class SMR info:
_java_thread_list=0x000001c169d604f0, length=28, elements={
0x000001c10d3a0870, 0x000001c1216c3a10, 0x000001c1216c7460, 0x000001c1216c9370,
0x000001c1216cc310, 0x000001c1216ce2e0, 0x000001c1216ced30, 0x000001c1216cfb60,
0x000001c121740e90, 0x000001c12179e860, 0x000001c1636b0540, 0x000001c1684a8200,
0x000001c1688371d0, 0x000001c1684fc310, 0x000001c16827d8d0, 0x000001c1685bf7f0,
0x000001c168776b80, 0x000001c168716ec0, 0x000001c1689a0590, 0x000001c1689a1fd0,
0x000001c1689a0c20, 0x000001c1689a2cf0, 0x000001c1689a1940, 0x000001c1689a2660,
0x000001c16899ff00, 0x000001c1689a12b0, 0x000001c16899f870, 0x000001c16927cdf0
}

Java Threads: ( => current thread )
  0x000001c10d3a0870 JavaThread "main"                              [_thread_blocked, id=5528, stack(0x0000007c9ec00000,0x0000007c9ed00000) (1024K)]
  0x000001c1216c3a10 JavaThread "Reference Handler"          daemon [_thread_blocked, id=8144, stack(0x0000007c9f000000,0x0000007c9f100000) (1024K)]
  0x000001c1216c7460 JavaThread "Finalizer"                  daemon [_thread_blocked, id=10608, stack(0x0000007c9f100000,0x0000007c9f200000) (1024K)]
  0x000001c1216c9370 JavaThread "Signal Dispatcher"          daemon [_thread_blocked, id=1992, stack(0x0000007c9f200000,0x0000007c9f300000) (1024K)]
  0x000001c1216cc310 JavaThread "Attach Listener"            daemon [_thread_blocked, id=8764, stack(0x0000007c9f300000,0x0000007c9f400000) (1024K)]
  0x000001c1216ce2e0 JavaThread "Service Thread"             daemon [_thread_blocked, id=1980, stack(0x0000007c9f400000,0x0000007c9f500000) (1024K)]
  0x000001c1216ced30 JavaThread "Monitor Deflation Thread"   daemon [_thread_blocked, id=10228, stack(0x0000007c9f500000,0x0000007c9f600000) (1024K)]
  0x000001c1216cfb60 JavaThread "C2 CompilerThread0"         daemon [_thread_blocked, id=2844, stack(0x0000007c9f600000,0x0000007c9f700000) (1024K)]
  0x000001c121740e90 JavaThread "C1 CompilerThread0"         daemon [_thread_blocked, id=6576, stack(0x0000007c9f700000,0x0000007c9f800000) (1024K)]
  0x000001c12179e860 JavaThread "Common-Cleaner"             daemon [_thread_blocked, id=10668, stack(0x0000007c9f800000,0x0000007c9f900000) (1024K)]
  0x000001c1636b0540 JavaThread "Notification Thread"        daemon [_thread_blocked, id=9516, stack(0x0000007c9f900000,0x0000007c9fa00000) (1024K)]
  0x000001c1684a8200 JavaThread "Active Thread: Equinox Container: 9cf1ff9f-8f0a-4cdb-9792-62b924cc9868"        [_thread_blocked, id=6228, stack(0x0000007c9fa00000,0x0000007c9fb00000) (1024K)]
  0x000001c1688371d0 JavaThread "Framework Event Dispatcher: Equinox Container: 9cf1ff9f-8f0a-4cdb-9792-62b924cc9868" daemon [_thread_blocked, id=8664, stack(0x0000007c9fe00000,0x0000007c9ff00000) (1024K)]
  0x000001c1684fc310 JavaThread "Start Level: Equinox Container: 9cf1ff9f-8f0a-4cdb-9792-62b924cc9868" daemon [_thread_blocked, id=11184, stack(0x0000007c9ff00000,0x0000007ca0000000) (1024K)]
  0x000001c16827d8d0 JavaThread "SCR Component Actor"        daemon [_thread_blocked, id=412, stack(0x0000007ca0000000,0x0000007ca0100000) (1024K)]
  0x000001c1685bf7f0 JavaThread "Worker-JM"                         [_thread_blocked, id=8120, stack(0x0000007ca0300000,0x0000007ca0400000) (1024K)]
  0x000001c168776b80 JavaThread "JNA Cleaner"                daemon [_thread_blocked, id=10120, stack(0x0000007ca0200000,0x0000007ca0300000) (1024K)]
  0x000001c168716ec0 JavaThread "Worker-0"                          [_thread_blocked, id=3940, stack(0x0000007ca0400000,0x0000007ca0500000) (1024K)]
  0x000001c1689a0590 JavaThread "Worker-1"                          [_thread_blocked, id=10824, stack(0x0000007ca0500000,0x0000007ca0600000) (1024K)]
  0x000001c1689a1fd0 JavaThread "Worker-2"                          [_thread_blocked, id=1128, stack(0x0000007ca0700000,0x0000007ca0800000) (1024K)]
  0x000001c1689a0c20 JavaThread "Thread-2"                   daemon [_thread_in_native, id=7028, stack(0x0000007ca0800000,0x0000007ca0900000) (1024K)]
  0x000001c1689a2cf0 JavaThread "Thread-3"                   daemon [_thread_in_native, id=5576, stack(0x0000007ca0900000,0x0000007ca0a00000) (1024K)]
  0x000001c1689a1940 JavaThread "Thread-4"                   daemon [_thread_in_native, id=688, stack(0x0000007ca0a00000,0x0000007ca0b00000) (1024K)]
  0x000001c1689a2660 JavaThread "Thread-5"                   daemon [_thread_in_native, id=7924, stack(0x0000007ca0b00000,0x0000007ca0c00000) (1024K)]
  0x000001c16899ff00 JavaThread "Thread-6"                   daemon [_thread_in_native, id=6876, stack(0x0000007ca0c00000,0x0000007ca0d00000) (1024K)]
  0x000001c1689a12b0 JavaThread "pool-2-thread-1"                   [_thread_blocked, id=8604, stack(0x0000007ca0d00000,0x0000007ca0e00000) (1024K)]
  0x000001c16899f870 JavaThread "WorkspaceEventsHandler"            [_thread_blocked, id=6816, stack(0x0000007ca0e00000,0x0000007ca0f00000) (1024K)]
=>0x000001c16927cdf0 JavaThread "pool-1-thread-1"                   [_thread_in_vm, id=4792, stack(0x0000007ca0f00000,0x0000007ca1000000) (1024K)]
Total: 28

Other Threads:
  0x000001c10d45eab0 VMThread "VM Thread"                           [id=11096, stack(0x0000007c9ef00000,0x0000007c9f000000) (1024K)]
  0x000001c10d40c290 WatcherThread "VM Periodic Task Thread"        [id=3188, stack(0x0000007c9ee00000,0x0000007c9ef00000) (1024K)]
  0x000001c10d3be810 WorkerThread "GC Thread#0"                     [id=8964, stack(0x0000007c9ed00000,0x0000007c9ee00000) (1024K)]
  0x000001c16394e3c0 WorkerThread "GC Thread#1"                     [id=9564, stack(0x0000007c9fb00000,0x0000007c9fc00000) (1024K)]
  0x000001c1685e8ff0 WorkerThread "GC Thread#2"                     [id=10472, stack(0x0000007c9fc00000,0x0000007c9fd00000) (1024K)]
  0x000001c1685e9390 WorkerThread "GC Thread#3"                     [id=10716, stack(0x0000007c9fd00000,0x0000007c9fe00000) (1024K)]
Total: 6

Threads with active compile tasks:
Total: 0

VM state: not at safepoint (normal execution)

VM Mutex/Monitor currently owned by a thread:  ([mutex/lock_event])
[0x00007ffd2dc0c308] Metaspace_lock - owner thread: 0x000001c16927cdf0

Heap address: 0x00000000c0000000, size: 1024 MB, Compressed Oops mode: 32-bit

CDS archive(s) mapped at: [0x000001c122000000-0x000001c122ba0000-0x000001c122ba0000), size 12189696, SharedBaseAddress: 0x000001c122000000, ArchiveRelocationMode: 1.
Compressed class space mapped at: 0x000001c123000000-0x000001c163000000, reserved size: 1073741824
Narrow klass base: 0x000001c122000000, Narrow klass shift: 0, Narrow klass range: 0x100000000

GC Precious Log:
 CardTable entry size: 512
 CPUs: 4 total, 4 available
 Memory: 4013M
 Large Page Support: Disabled
 NUMA Support: Disabled
 Compressed Oops: Enabled (32-bit)
 Alignments: Space 512K, Generation 512K, Heap 2M
 Heap Min Capacity: 100M
 Heap Initial Capacity: 100M
 Heap Max Capacity: 1G
 Pre-touch: Disabled
 Parallel Workers: 4

Heap:
 PSYoungGen      total 27648K, used 5153K [0x00000000eab00000, 0x00000000ecb80000, 0x0000000100000000)
  eden space 23040K, 2% used [0x00000000eab00000,0x00000000eab896a0,0x00000000ec180000)
  from space 4608K, 99% used [0x00000000ec200000,0x00000000ec67f050,0x00000000ec680000)
  to   space 5120K, 0% used [0x00000000ec680000,0x00000000ec680000,0x00000000ecb80000)
 ParOldGen       total 68608K, used 9363K [0x00000000c0000000, 0x00000000c4300000, 0x00000000eab00000)
  object space 68608K, 13% used [0x00000000c0000000,0x00000000c0924eb8,0x00000000c4300000)
 Metaspace       used 29515K, committed 30272K, reserved 1114112K
  class space    used 2877K, committed 3200K, reserved 1048576K

Card table byte_map: [0x000001c10cd50000,0x000001c10cf60000] _byte_map_base: 0x000001c10c750000

Marking Bits: (ParMarkBitMap*) 0x00007ffd2dc131f0
 Begin Bits: [0x000001c11f5a0000, 0x000001c1205a0000)
 End Bits:   [0x000001c1205a0000, 0x000001c1215a0000)

Polling page: 0x000001c10b140000

Metaspace:

Usage:
  Non-class:     26.01 MB used.
      Class:      2.81 MB used.
       Both:     28.82 MB used.

Virtual space:
  Non-class space:       64.00 MB reserved,      26.44 MB ( 41%) committed,  1 nodes.
      Class space:        1.00 GB reserved,       3.12 MB ( <1%) committed,  1 nodes.
             Both:        1.06 GB reserved,      29.56 MB (  3%) committed. 

Chunk freelists:
   Non-Class:  5.36 MB
       Class:  12.89 MB
        Both:  18.25 MB

MaxMetaspaceSize: unlimited
CompressedClassSpaceSize: 1.00 GB
Initial GC threshold: 21.00 MB
Current GC threshold: 35.00 MB
CDS: on
 - commit_granule_bytes: 65536.
 - commit_granule_words: 8192.
 - virtual_space_node_default_size: 8388608.
 - enlarge_chunks_in_place: 1.
 - use_allocation_guard: 0.


Internal statistics:

num_allocs_failed_limit: 3.
num_arena_births: 586.
num_arena_deaths: 14.
num_vsnodes_births: 2.
num_vsnodes_deaths: 0.
num_space_committed: 473.
num_space_uncommitted: 0.
num_chunks_returned_to_freelist: 17.
num_chunks_taken_from_freelist: 1734.
num_chunk_merges: 8.
num_chunk_splits: 1130.
num_chunks_enlarged: 712.
num_inconsistent_stats: 0.

CodeHeap 'non-profiled nmethods': size=120000Kb used=1719Kb max_used=1719Kb free=118280Kb
 bounds [0x000001c118070000, 0x000001c1182e0000, 0x000001c11f5a0000]
CodeHeap 'profiled nmethods': size=120000Kb used=7486Kb max_used=7486Kb free=112514Kb
 bounds [0x000001c1105a0000, 0x000001c110cf0000, 0x000001c117ad0000]
CodeHeap 'non-nmethods': size=5760Kb used=1341Kb max_used=1370Kb free=4418Kb
 bounds [0x000001c117ad0000, 0x000001c117d40000, 0x000001c118070000]
 total_blobs=4308 nmethods=3676 adapters=538
 compilation: enabled
              stopped_count=0, restarted_count=0
 full_count=0

Compilation events (20 events):
Event: 24.899 Thread 0x000001c121740e90 3668       3       com.google.gson.internal.bind.JsonTreeReader::peek (230 bytes)
Event: 24.901 Thread 0x000001c1216cfb60 3675       4       com.google.gson.internal.bind.JsonTreeReader::peekStack (12 bytes)
Event: 24.902 Thread 0x000001c121740e90 nmethod 3668 0x000001c110ce8c10 code [0x000001c110ce9020, 0x000001c110cead00]
Event: 24.902 Thread 0x000001c121740e90 3671       3       com.google.gson.internal.LinkedTreeMap::find (284 bytes)
Event: 24.902 Thread 0x000001c1216cfb60 nmethod 3675 0x000001c11821c510 code [0x000001c11821c6a0, 0x000001c11821c778]
Event: 24.905 Thread 0x000001c121740e90 nmethod 3671 0x000001c110ceb310 code [0x000001c110ceb620, 0x000001c110cec7a0]
Event: 24.905 Thread 0x000001c121740e90 3676       3       com.google.gson.internal.bind.JsonTreeReader::expect (55 bytes)
Event: 24.907 Thread 0x000001c121740e90 nmethod 3676 0x000001c110cecd90 code [0x000001c110ced0e0, 0x000001c110cee1c8]
Event: 24.907 Thread 0x000001c121740e90 3669       3       com.google.gson.internal.LinkedTreeMap$LinkedTreeMapIterator::hasNext (20 bytes)
Event: 24.908 Thread 0x000001c121740e90 nmethod 3669 0x000001c110cee810 code [0x000001c110cee9c0, 0x000001c110ceeb30]
Event: 24.908 Thread 0x000001c121740e90 3670       3       com.google.gson.internal.LinkedTreeMap::put (56 bytes)
Event: 24.908 Thread 0x000001c121740e90 nmethod 3670 0x000001c110ceec10 code [0x000001c110ceee00, 0x000001c110cef1a0]
Event: 24.908 Thread 0x000001c121740e90 3672       3       com.google.gson.internal.LinkedTreeMap$Node::<init> (49 bytes)
Event: 24.909 Thread 0x000001c121740e90 nmethod 3672 0x000001c110cef310 code [0x000001c110cef4c0, 0x000001c110cef6b8]
Event: 24.909 Thread 0x000001c121740e90 3673       1       com.google.gson.internal.LinkedTreeMap$Node::getKey (5 bytes)
Event: 24.937 Thread 0x000001c1216cfb60 3677       4       java.util.HashSet::contains (9 bytes)
Event: 24.955 Thread 0x000001c1216cfb60 nmethod 3677 0x000001c11821c810 code [0x000001c11821ca20, 0x000001c11821d0a0]
Event: 25.010 Thread 0x000001c121740e90 nmethod 3673 0x000001c11821d610 code [0x000001c11821d7a0, 0x000001c11821d868]
Event: 25.012 Thread 0x000001c1216cfb60 3678   !   4       java.io.RandomAccessFile::seek (42 bytes)
Event: 25.015 Thread 0x000001c1216cfb60 nmethod 3678 0x000001c11821d910 code [0x000001c11821dac0, 0x000001c11821dc38]

GC Heap History (20 events):
Event: 3.804 GC heap before
{Heap before GC invocations=1 (full 0):
 PSYoungGen      total 29696K, used 25600K [0x00000000eab00000, 0x00000000ecc00000, 0x0000000100000000)
  eden space 25600K, 100% used [0x00000000eab00000,0x00000000ec400000,0x00000000ec400000)
  from space 4096K, 0% used [0x00000000ec800000,0x00000000ec800000,0x00000000ecc00000)
  to   space 4096K, 0% used [0x00000000ec400000,0x00000000ec400000,0x00000000ec800000)
 ParOldGen       total 68608K, used 0K [0x00000000c0000000, 0x00000000c4300000, 0x00000000eab00000)
  object space 68608K, 0% used [0x00000000c0000000,0x00000000c0000000,0x00000000c4300000)
 Metaspace       used 4387K, committed 4736K, reserved 1114112K
  class space    used 463K, committed 640K, reserved 1048576K
}
Event: 3.824 GC heap after
{Heap after GC invocations=1 (full 0):
 PSYoungGen      total 29696K, used 3302K [0x00000000eab00000, 0x00000000ecc00000, 0x0000000100000000)
  eden space 25600K, 0% used [0x00000000eab00000,0x00000000eab00000,0x00000000ec400000)
  from space 4096K, 80% used [0x00000000ec400000,0x00000000ec739870,0x00000000ec800000)
  to   space 4096K, 0% used [0x00000000ec800000,0x00000000ec800000,0x00000000ecc00000)
 ParOldGen       total 68608K, used 8K [0x00000000c0000000, 0x00000000c4300000, 0x00000000eab00000)
  object space 68608K, 0% used [0x00000000c0000000,0x00000000c0002000,0x00000000c4300000)
 Metaspace       used 4387K, committed 4736K, reserved 1114112K
  class space    used 463K, committed 640K, reserved 1048576K
}
Event: 7.023 GC heap before
{Heap before GC invocations=2 (full 0):
 PSYoungGen      total 29696K, used 28902K [0x00000000eab00000, 0x00000000ecc00000, 0x0000000100000000)
  eden space 25600K, 100% used [0x00000000eab00000,0x00000000ec400000,0x00000000ec400000)
  from space 4096K, 80% used [0x00000000ec400000,0x00000000ec739870,0x00000000ec800000)
  to   space 4096K, 0% used [0x00000000ec800000,0x00000000ec800000,0x00000000ecc00000)
 ParOldGen       total 68608K, used 8K [0x00000000c0000000, 0x00000000c4300000, 0x00000000eab00000)
  object space 68608K, 0% used [0x00000000c0000000,0x00000000c0002000,0x00000000c4300000)
 Metaspace       used 8344K, committed 8704K, reserved 1114112K
  class space    used 854K, committed 1024K, reserved 1048576K
}
Event: 7.036 GC heap after
{Heap after GC invocations=2 (full 0):
 PSYoungGen      total 29696K, used 4076K [0x00000000eab00000, 0x00000000ecc00000, 0x0000000100000000)
  eden space 25600K, 0% used [0x00000000eab00000,0x00000000eab00000,0x00000000ec400000)
  from space 4096K, 99% used [0x00000000ec800000,0x00000000ecbfb040,0x00000000ecc00000)
  to   space 4096K, 0% used [0x00000000ec400000,0x00000000ec400000,0x00000000ec800000)
 ParOldGen       total 68608K, used 894K [0x00000000c0000000, 0x00000000c4300000, 0x00000000eab00000)
  object space 68608K, 1% used [0x00000000c0000000,0x00000000c00df820,0x00000000c4300000)
 Metaspace       used 8344K, committed 8704K, reserved 1114112K
  class space    used 854K, committed 1024K, reserved 1048576K
}
Event: 8.672 GC heap before
{Heap before GC invocations=3 (full 0):
 PSYoungGen      total 29696K, used 29656K [0x00000000eab00000, 0x00000000ecc00000, 0x0000000100000000)
  eden space 25600K, 99% used [0x00000000eab00000,0x00000000ec3fb120,0x00000000ec400000)
  from space 4096K, 99% used [0x00000000ec800000,0x00000000ecbfb040,0x00000000ecc00000)
  to   space 4096K, 0% used [0x00000000ec400000,0x00000000ec400000,0x00000000ec800000)
 ParOldGen       total 68608K, used 894K [0x00000000c0000000, 0x00000000c4300000, 0x00000000eab00000)
  object space 68608K, 1% used [0x00000000c0000000,0x00000000c00df820,0x00000000c4300000)
 Metaspace       used 13106K, committed 13632K, reserved 1114112K
  class space    used 1340K, committed 1536K, reserved 1048576K
}
Event: 8.689 GC heap after
{Heap after GC invocations=3 (full 0):
 PSYoungGen      total 29696K, used 4083K [0x00000000eab00000, 0x00000000ecc00000, 0x0000000100000000)
  eden space 25600K, 0% used [0x00000000eab00000,0x00000000eab00000,0x00000000ec400000)
  from space 4096K, 99% used [0x00000000ec400000,0x00000000ec7fcf28,0x00000000ec800000)
  to   space 4096K, 0% used [0x00000000ec800000,0x00000000ec800000,0x00000000ecc00000)
 ParOldGen       total 68608K, used 2743K [0x00000000c0000000, 0x00000000c4300000, 0x00000000eab00000)
  object space 68608K, 3% used [0x00000000c0000000,0x00000000c02adf28,0x00000000c4300000)
 Metaspace       used 13106K, committed 13632K, reserved 1114112K
  class space    used 1340K, committed 1536K, reserved 1048576K
}
Event: 10.515 GC heap before
{Heap before GC invocations=4 (full 0):
 PSYoungGen      total 29696K, used 29683K [0x00000000eab00000, 0x00000000ecc00000, 0x0000000100000000)
  eden space 25600K, 100% used [0x00000000eab00000,0x00000000ec400000,0x00000000ec400000)
  from space 4096K, 99% used [0x00000000ec400000,0x00000000ec7fcf28,0x00000000ec800000)
  to   space 4096K, 0% used [0x00000000ec800000,0x00000000ec800000,0x00000000ecc00000)
 ParOldGen       total 68608K, used 2743K [0x00000000c0000000, 0x00000000c4300000, 0x00000000eab00000)
  object space 68608K, 3% used [0x00000000c0000000,0x00000000c02adf28,0x00000000c4300000)
 Metaspace       used 17120K, committed 17792K, reserved 1114112K
  class space    used 1736K, committed 2048K, reserved 1048576K
}
Event: 10.526 GC heap after
{Heap after GC invocations=4 (full 0):
 PSYoungGen      total 29696K, used 4067K [0x00000000eab00000, 0x00000000ecc00000, 0x0000000100000000)
  eden space 25600K, 0% used [0x00000000eab00000,0x00000000eab00000,0x00000000ec400000)
  from space 4096K, 99% used [0x00000000ec800000,0x00000000ecbf8d40,0x00000000ecc00000)
  to   space 4096K, 0% used [0x00000000ec400000,0x00000000ec400000,0x00000000ec800000)
 ParOldGen       total 68608K, used 5497K [0x00000000c0000000, 0x00000000c4300000, 0x00000000eab00000)
  object space 68608K, 8% used [0x00000000c0000000,0x00000000c055e548,0x00000000c4300000)
 Metaspace       used 17120K, committed 17792K, reserved 1114112K
  class space    used 1736K, committed 2048K, reserved 1048576K
}
Event: 12.456 GC heap before
{Heap before GC invocations=5 (full 0):
 PSYoungGen      total 29696K, used 29372K [0x00000000eab00000, 0x00000000ecc00000, 0x0000000100000000)
  eden space 25600K, 98% used [0x00000000eab00000,0x00000000ec3b6338,0x00000000ec400000)
  from space 4096K, 99% used [0x00000000ec800000,0x00000000ecbf8d40,0x00000000ecc00000)
  to   space 4096K, 0% used [0x00000000ec400000,0x00000000ec400000,0x00000000ec800000)
 ParOldGen       total 68608K, used 5497K [0x00000000c0000000, 0x00000000c4300000, 0x00000000eab00000)
  object space 68608K, 8% used [0x00000000c0000000,0x00000000c055e548,0x00000000c4300000)
 Metaspace       used 20447K, committed 21120K, reserved 1114112K
  class space    used 1974K, committed 2304K, reserved 1048576K
}
Event: 12.466 GC heap after
{Heap after GC invocations=5 (full 0):
 PSYoungGen      total 29184K, used 4081K [0x00000000eab00000, 0x00000000ece80000, 0x0000000100000000)
  eden space 25088K, 0% used [0x00000000eab00000,0x00000000eab00000,0x00000000ec380000)
  from space 4096K, 99% used [0x00000000ec400000,0x00000000ec7fc6e0,0x00000000ec800000)
  to   space 5632K, 0% used [0x00000000ec900000,0x00000000ec900000,0x00000000ece80000)
 ParOldGen       total 68608K, used 5852K [0x00000000c0000000, 0x00000000c4300000, 0x00000000eab00000)
  object space 68608K, 8% used [0x00000000c0000000,0x00000000c05b71a8,0x00000000c4300000)
 Metaspace       used 20447K, committed 21120K, reserved 1114112K
  class space    used 1974K, committed 2304K, reserved 1048576K
}
Event: 12.529 GC heap before
{Heap before GC invocations=6 (full 0):
 PSYoungGen      total 29184K, used 8801K [0x00000000eab00000, 0x00000000ece80000, 0x0000000100000000)
  eden space 25088K, 18% used [0x00000000eab00000,0x00000000eaf9c0f8,0x00000000ec380000)
  from space 4096K, 99% used [0x00000000ec400000,0x00000000ec7fc6e0,0x00000000ec800000)
  to   space 5632K, 0% used [0x00000000ec900000,0x00000000ec900000,0x00000000ece80000)
 ParOldGen       total 68608K, used 5852K [0x00000000c0000000, 0x00000000c4300000, 0x00000000eab00000)
  object space 68608K, 8% used [0x00000000c0000000,0x00000000c05b71a8,0x00000000c4300000)
 Metaspace       used 20866K, committed 21504K, reserved 1114112K
  class space    used 1999K, committed 2304K, reserved 1048576K
}
Event: 12.537 GC heap after
{Heap after GC invocations=6 (full 0):
 PSYoungGen      total 29184K, used 4048K [0x00000000eab00000, 0x00000000ecd00000, 0x0000000100000000)
  eden space 25088K, 0% used [0x00000000eab00000,0x00000000eab00000,0x00000000ec380000)
  from space 4096K, 98% used [0x00000000ec900000,0x00000000eccf4060,0x00000000ecd00000)
  to   space 4608K, 0% used [0x00000000ec400000,0x00000000ec400000,0x00000000ec880000)
 ParOldGen       total 68608K, used 5852K [0x00000000c0000000, 0x00000000c4300000, 0x00000000eab00000)
  object space 68608K, 8% used [0x00000000c0000000,0x00000000c05b71a8,0x00000000c4300000)
 Metaspace       used 20866K, committed 21504K, reserved 1114112K
  class space    used 1999K, committed 2304K, reserved 1048576K
}
Event: 12.537 GC heap before
{Heap before GC invocations=7 (full 1):
 PSYoungGen      total 29184K, used 4048K [0x00000000eab00000, 0x00000000ecd00000, 0x0000000100000000)
  eden space 25088K, 0% used [0x00000000eab00000,0x00000000eab00000,0x00000000ec380000)
  from space 4096K, 98% used [0x00000000ec900000,0x00000000eccf4060,0x00000000ecd00000)
  to   space 4608K, 0% used [0x00000000ec400000,0x00000000ec400000,0x00000000ec880000)
 ParOldGen       total 68608K, used 5852K [0x00000000c0000000, 0x00000000c4300000, 0x00000000eab00000)
  object space 68608K, 8% used [0x00000000c0000000,0x00000000c05b71a8,0x00000000c4300000)
 Metaspace       used 20866K, committed 21504K, reserved 1114112K
  class space    used 1999K, committed 2304K, reserved 1048576K
}
Event: 12.607 GC heap after
{Heap after GC invocations=7 (full 1):
 PSYoungGen      total 29184K, used 0K [0x00000000eab00000, 0x00000000ecd00000, 0x0000000100000000)
  eden space 25088K, 0% used [0x00000000eab00000,0x00000000eab00000,0x00000000ec380000)
  from space 4096K, 0% used [0x00000000ec900000,0x00000000ec900000,0x00000000ecd00000)
  to   space 4608K, 0% used [0x00000000ec400000,0x00000000ec400000,0x00000000ec880000)
 ParOldGen       total 68608K, used 8467K [0x00000000c0000000, 0x00000000c4300000, 0x00000000eab00000)
  object space 68608K, 12% used [0x00000000c0000000,0x00000000c0844e38,0x00000000c4300000)
 Metaspace       used 20853K, committed 21504K, reserved 1114112K
  class space    used 1995K, committed 2304K, reserved 1048576K
}
Event: 14.613 GC heap before
{Heap before GC invocations=8 (full 1):
 PSYoungGen      total 29184K, used 25088K [0x00000000eab00000, 0x00000000ecd00000, 0x0000000100000000)
  eden space 25088K, 100% used [0x00000000eab00000,0x00000000ec380000,0x00000000ec380000)
  from space 4096K, 0% used [0x00000000ec900000,0x00000000ec900000,0x00000000ecd00000)
  to   space 4608K, 0% used [0x00000000ec400000,0x00000000ec400000,0x00000000ec880000)
 ParOldGen       total 68608K, used 8467K [0x00000000c0000000, 0x00000000c4300000, 0x00000000eab00000)
  object space 68608K, 12% used [0x00000000c0000000,0x00000000c0844e38,0x00000000c4300000)
 Metaspace       used 22912K, committed 23616K, reserved 1114112K
  class space    used 2154K, committed 2432K, reserved 1048576K
}
Event: 14.617 GC heap after
{Heap after GC invocations=8 (full 1):
 PSYoungGen      total 27136K, used 2519K [0x00000000eab00000, 0x00000000eca00000, 0x0000000100000000)
  eden space 24576K, 0% used [0x00000000eab00000,0x00000000eab00000,0x00000000ec300000)
  from space 2560K, 98% used [0x00000000ec400000,0x00000000ec675f80,0x00000000ec680000)
  to   space 3584K, 0% used [0x00000000ec680000,0x00000000ec680000,0x00000000eca00000)
 ParOldGen       total 68608K, used 8475K [0x00000000c0000000, 0x00000000c4300000, 0x00000000eab00000)
  object space 68608K, 12% used [0x00000000c0000000,0x00000000c0846e38,0x00000000c4300000)
 Metaspace       used 22912K, committed 23616K, reserved 1114112K
  class space    used 2154K, committed 2432K, reserved 1048576K
}
Event: 16.918 GC heap before
{Heap before GC invocations=9 (full 1):
 PSYoungGen      total 27136K, used 27095K [0x00000000eab00000, 0x00000000eca00000, 0x0000000100000000)
  eden space 24576K, 100% used [0x00000000eab00000,0x00000000ec300000,0x00000000ec300000)
  from space 2560K, 98% used [0x00000000ec400000,0x00000000ec675f80,0x00000000ec680000)
  to   space 3584K, 0% used [0x00000000ec680000,0x00000000ec680000,0x00000000eca00000)
 ParOldGen       total 68608K, used 8475K [0x00000000c0000000, 0x00000000c4300000, 0x00000000eab00000)
  object space 68608K, 12% used [0x00000000c0000000,0x00000000c0846e38,0x00000000c4300000)
 Metaspace       used 26500K, committed 27328K, reserved 1114112K
  class space    used 2551K, committed 2880K, reserved 1048576K
}
Event: 16.924 GC heap after
{Heap after GC invocations=9 (full 1):
 PSYoungGen      total 27136K, used 3569K [0x00000000eab00000, 0x00000000ecb80000, 0x0000000100000000)
  eden space 23552K, 0% used [0x00000000eab00000,0x00000000eab00000,0x00000000ec200000)
  from space 3584K, 99% used [0x00000000ec680000,0x00000000ec9fc488,0x00000000eca00000)
  to   space 4608K, 0% used [0x00000000ec200000,0x00000000ec200000,0x00000000ec680000)
 ParOldGen       total 68608K, used 9155K [0x00000000c0000000, 0x00000000c4300000, 0x00000000eab00000)
  object space 68608K, 13% used [0x00000000c0000000,0x00000000c08f0ea8,0x00000000c4300000)
 Metaspace       used 26500K, committed 27328K, reserved 1114112K
  class space    used 2551K, committed 2880K, reserved 1048576K
}
Event: 25.054 GC heap before
{Heap before GC invocations=10 (full 1):
 PSYoungGen      total 27136K, used 27121K [0x00000000eab00000, 0x00000000ecb80000, 0x0000000100000000)
  eden space 23552K, 100% used [0x00000000eab00000,0x00000000ec200000,0x00000000ec200000)
  from space 3584K, 99% used [0x00000000ec680000,0x00000000ec9fc488,0x00000000eca00000)
  to   space 4608K, 0% used [0x00000000ec200000,0x00000000ec200000,0x00000000ec680000)
 ParOldGen       total 68608K, used 9155K [0x00000000c0000000, 0x00000000c4300000, 0x00000000eab00000)
  object space 68608K, 13% used [0x00000000c0000000,0x00000000c08f0ea8,0x00000000c4300000)
 Metaspace       used 29432K, committed 30208K, reserved 1114112K
  class space    used 2863K, committed 3200K, reserved 1048576K
}
Event: 25.064 GC heap after
{Heap after GC invocations=10 (full 1):
 PSYoungGen      total 27648K, used 4604K [0x00000000eab00000, 0x00000000ecb80000, 0x0000000100000000)
  eden space 23040K, 0% used [0x00000000eab00000,0x00000000eab00000,0x00000000ec180000)
  from space 4608K, 99% used [0x00000000ec200000,0x00000000ec67f050,0x00000000ec680000)
  to   space 5120K, 0% used [0x00000000ec680000,0x00000000ec680000,0x00000000ecb80000)
 ParOldGen       total 68608K, used 9363K [0x00000000c0000000, 0x00000000c4300000, 0x00000000eab00000)
  object space 68608K, 13% used [0x00000000c0000000,0x00000000c0924eb8,0x00000000c4300000)
 Metaspace       used 29432K, committed 30208K, reserved 1114112K
  class space    used 2863K, committed 3200K, reserved 1048576K
}

Dll operation events (10 events):
Event: 0.037 Loaded shared library c:\Users\wwwam\.vscode\extensions\redhat.java-1.42.0-win32-x64\jre\21.0.7-win32-x86_64\bin\java.dll
Event: 0.175 Loaded shared library c:\Users\wwwam\.vscode\extensions\redhat.java-1.42.0-win32-x64\jre\21.0.7-win32-x86_64\bin\zip.dll
Event: 0.559 Loaded shared library C:\Users\wwwam\.vscode\extensions\redhat.java-1.42.0-win32-x64\jre\21.0.7-win32-x86_64\bin\instrument.dll
Event: 0.657 Loaded shared library C:\Users\wwwam\.vscode\extensions\redhat.java-1.42.0-win32-x64\jre\21.0.7-win32-x86_64\bin\net.dll
Event: 0.668 Loaded shared library C:\Users\wwwam\.vscode\extensions\redhat.java-1.42.0-win32-x64\jre\21.0.7-win32-x86_64\bin\nio.dll
Event: 0.753 Loaded shared library C:\Users\wwwam\.vscode\extensions\redhat.java-1.42.0-win32-x64\jre\21.0.7-win32-x86_64\bin\zip.dll
Event: 0.952 Loaded shared library C:\Users\wwwam\.vscode\extensions\redhat.java-1.42.0-win32-x64\jre\21.0.7-win32-x86_64\bin\jimage.dll
Event: 1.288 Loaded shared library c:\Users\wwwam\.vscode\extensions\redhat.java-1.42.0-win32-x64\jre\21.0.7-win32-x86_64\bin\verify.dll
Event: 6.814 Loaded shared library C:\Users\wwwam\AppData\Roaming\Code\User\globalStorage\redhat.java\1.42.0\config_ss_win\org.eclipse.equinox.launcher\org.eclipse.equinox.launcher.win32.win32.x86_64_1.2.1300.v20250331-1702\eclipse_11911.dll
Event: 9.774 Loaded shared library C:\Users\wwwam\AppData\Local\Temp\jna-113561603\jna3218602332825590490.dll

Deoptimization events (20 events):
Event: 24.134 Thread 0x000001c16899ff00 Uncommon trap: trap_request=0xffffffc6 fr.pc=0x000001c11820a964 relative=0x00000000000004e4
Event: 24.134 Thread 0x000001c16899ff00 Uncommon trap: reason=bimorphic_or_optimized_type_check action=maybe_recompile pc=0x000001c11820a964 method=java.util.HashMap.removeNode(ILjava/lang/Object;Ljava/lang/Object;ZZ)Ljava/util/HashMap$Node; @ 68 c2
Event: 24.134 Thread 0x000001c16899ff00 DEOPT PACKING pc=0x000001c11820a964 sp=0x0000007ca0cff100
Event: 24.134 Thread 0x000001c16899ff00 DEOPT UNPACKING pc=0x000001c117b23aa2 sp=0x0000007ca0cfeff8 mode 2
Event: 24.135 Thread 0x000001c16899ff00 Uncommon trap: trap_request=0xffffffc6 fr.pc=0x000001c11820a964 relative=0x00000000000004e4
Event: 24.135 Thread 0x000001c16899ff00 Uncommon trap: reason=bimorphic_or_optimized_type_check action=maybe_recompile pc=0x000001c11820a964 method=java.util.HashMap.removeNode(ILjava/lang/Object;Ljava/lang/Object;ZZ)Ljava/util/HashMap$Node; @ 68 c2
Event: 24.135 Thread 0x000001c16899ff00 DEOPT PACKING pc=0x000001c11820a964 sp=0x0000007ca0cff100
Event: 24.135 Thread 0x000001c16899ff00 DEOPT UNPACKING pc=0x000001c117b23aa2 sp=0x0000007ca0cfeff8 mode 2
Event: 24.136 Thread 0x000001c16899ff00 Uncommon trap: trap_request=0xffffffc6 fr.pc=0x000001c11820b70c relative=0x00000000000004ac
Event: 24.136 Thread 0x000001c16899ff00 Uncommon trap: reason=bimorphic_or_optimized_type_check action=maybe_recompile pc=0x000001c11820b70c method=java.util.HashMap.removeNode(ILjava/lang/Object;Ljava/lang/Object;ZZ)Ljava/util/HashMap$Node; @ 68 c2
Event: 24.136 Thread 0x000001c16899ff00 DEOPT PACKING pc=0x000001c11820b70c sp=0x0000007ca0cff060
Event: 24.136 Thread 0x000001c16899ff00 DEOPT UNPACKING pc=0x000001c117b23aa2 sp=0x0000007ca0cfeff8 mode 2
Event: 24.879 Thread 0x000001c16927cdf0 Uncommon trap: trap_request=0xffffffde fr.pc=0x000001c11817af70 relative=0x0000000000000050
Event: 24.879 Thread 0x000001c16927cdf0 Uncommon trap: reason=class_check action=maybe_recompile pc=0x000001c11817af70 method=java.lang.invoke.DirectMethodHandle.internalMemberName(Ljava/lang/Object;)Ljava/lang/Object; @ 1 c2
Event: 24.879 Thread 0x000001c16927cdf0 DEOPT PACKING pc=0x000001c11817af70 sp=0x0000007ca0ffe6d0
Event: 24.879 Thread 0x000001c16927cdf0 DEOPT UNPACKING pc=0x000001c117b23aa2 sp=0x0000007ca0ffe660 mode 2
Event: 25.047 Thread 0x000001c16927cdf0 Uncommon trap: trap_request=0xffffff45 fr.pc=0x000001c1181cae60 relative=0x0000000000001200
Event: 25.047 Thread 0x000001c16927cdf0 Uncommon trap: reason=unstable_if action=reinterpret pc=0x000001c1181cae60 method=java.util.zip.ZipCoder$UTF8ZipCoder.hasTrailingSlash([BI)Z @ 11 c2
Event: 25.047 Thread 0x000001c16927cdf0 DEOPT PACKING pc=0x000001c1181cae60 sp=0x0000007ca0ffc620
Event: 25.047 Thread 0x000001c16927cdf0 DEOPT UNPACKING pc=0x000001c117b23aa2 sp=0x0000007ca0ffc588 mode 2

Classes loaded (20 events):
Event: 17.668 Loading class sun/nio/ch/WindowsAsynchronousFileChannelImpl$ReadTask
Event: 17.672 Loading class sun/util/locale/provider/CalendarNameProviderImpl$LengthBasedComparator
Event: 17.672 Loading class sun/util/locale/provider/CalendarNameProviderImpl$LengthBasedComparator done
Event: 17.678 Loading class java/io/PrintWriter$1
Event: 17.678 Loading class jdk/internal/access/JavaIOPrintWriterAccess
Event: 17.678 Loading class jdk/internal/access/JavaIOPrintWriterAccess done
Event: 17.678 Loading class java/io/PrintWriter$1 done
Event: 17.680 Loading class java/time/format/DateTimeParseContext
Event: 17.681 Loading class java/time/format/DateTimeParseContext done
Event: 17.681 Loading class java/time/format/Parsed
Event: 17.681 Loading class sun/nio/ch/Iocp$ResultHandler
Event: 17.681 Loading class sun/nio/ch/Iocp$ResultHandler done
Event: 17.681 Loading class sun/nio/ch/WindowsAsynchronousFileChannelImpl$ReadTask done
Event: 17.688 Loading class java/time/format/Parsed done
Event: 24.204 Loading class sun/reflect/generics/repository/FieldRepository
Event: 24.204 Loading class sun/reflect/generics/repository/FieldRepository done
Event: 24.432 Loading class java/io/InvalidObjectException
Event: 24.432 Loading class java/io/ObjectStreamException
Event: 24.432 Loading class java/io/ObjectStreamException done
Event: 24.432 Loading class java/io/InvalidObjectException done

Classes unloaded (7 events):
Event: 12.556 Thread 0x000001c10d45eab0 Unloading class 0x000001c123184c00 'java/lang/invoke/LambdaForm$MH+0x000001c123184c00'
Event: 12.556 Thread 0x000001c10d45eab0 Unloading class 0x000001c123184800 'java/lang/invoke/LambdaForm$MH+0x000001c123184800'
Event: 12.556 Thread 0x000001c10d45eab0 Unloading class 0x000001c123184400 'java/lang/invoke/LambdaForm$MH+0x000001c123184400'
Event: 12.556 Thread 0x000001c10d45eab0 Unloading class 0x000001c123184000 'java/lang/invoke/LambdaForm$MH+0x000001c123184000'
Event: 12.556 Thread 0x000001c10d45eab0 Unloading class 0x000001c123183c00 'java/lang/invoke/LambdaForm$BMH+0x000001c123183c00'
Event: 12.556 Thread 0x000001c10d45eab0 Unloading class 0x000001c123183800 'java/lang/invoke/LambdaForm$DMH+0x000001c123183800'
Event: 12.556 Thread 0x000001c10d45eab0 Unloading class 0x000001c123182800 'java/lang/invoke/LambdaForm$DMH+0x000001c123182800'

Classes redefined (0 events):
No events

Internal exceptions (20 events):
Event: 17.035 Thread 0x000001c1689a0590 Exception <a 'sun/nio/fs/WindowsException'{0x00000000eac28fe0}> (0x00000000eac28fe0) 
thrown [s\src\hotspot\share\prims\jni.cpp, line 520]
Event: 17.036 Thread 0x000001c1689a0590 Exception <a 'sun/nio/fs/WindowsException'{0x00000000eac29610}> (0x00000000eac29610) 
thrown [s\src\hotspot\share\prims\jni.cpp, line 520]
Event: 17.036 Thread 0x000001c1689a0590 Exception <a 'sun/nio/fs/WindowsException'{0x00000000eac29f30}> (0x00000000eac29f30) 
thrown [s\src\hotspot\share\prims\jni.cpp, line 520]
Event: 17.036 Thread 0x000001c1689a0590 Exception <a 'sun/nio/fs/WindowsException'{0x00000000eac2a560}> (0x00000000eac2a560) 
thrown [s\src\hotspot\share\prims\jni.cpp, line 520]
Event: 17.054 Thread 0x000001c1689a0590 Exception <a 'sun/nio/fs/WindowsException'{0x00000000eac2aee0}> (0x00000000eac2aee0) 
thrown [s\src\hotspot\share\prims\jni.cpp, line 520]
Event: 17.054 Thread 0x000001c1689a0590 Exception <a 'sun/nio/fs/WindowsException'{0x00000000eac2b510}> (0x00000000eac2b510) 
thrown [s\src\hotspot\share\prims\jni.cpp, line 520]
Event: 17.069 Thread 0x000001c1689a0590 Exception <a 'sun/nio/fs/WindowsException'{0x00000000eac2cc00}> (0x00000000eac2cc00) 
thrown [s\src\hotspot\share\prims\jni.cpp, line 520]
Event: 17.069 Thread 0x000001c1689a0590 Exception <a 'sun/nio/fs/WindowsException'{0x00000000eac2d230}> (0x00000000eac2d230) 
thrown [s\src\hotspot\share\prims\jni.cpp, line 520]
Event: 17.079 Thread 0x000001c1689a0590 Exception <a 'java/lang/NoSuchMethodError'{0x00000000ead01178}: 'void java.lang.invoke.DirectMethodHandle$Holder.invokeVirtual(java.lang.Object, java.lang.Object, java.lang.Object, java.lang.Object)'> (0x00000000ead01178) 
thrown [s\src\hotspot\share\interpreter\linkResolver.cpp, line 773]
Event: 17.303 Thread 0x000001c1689a0590 Exception <a 'java/io/FileNotFoundException'{0x00000000eb3eaef0}> (0x00000000eb3eaef0) 
thrown [s\src\hotspot\share\prims\jni.cpp, line 520]
Event: 17.305 Thread 0x000001c1689a0590 Exception <a 'java/io/FileNotFoundException'{0x00000000eb3ec178}> (0x00000000eb3ec178) 
thrown [s\src\hotspot\share\prims\jni.cpp, line 520]
Event: 17.310 Thread 0x000001c1689a0590 Exception <a 'java/lang/NoSuchMethodError'{0x00000000eb4109a0}: 'java.lang.Object java.lang.invoke.DirectMethodHandle$Holder.newInvokeSpecial(java.lang.Object, java.lang.Object, java.lang.Object, int)'> (0x00000000eb4109a0) 
thrown [s\src\hotspot\share\interpreter\linkResolver.cpp, line 773]
Event: 17.313 Thread 0x000001c1689a0590 Exception <a 'java/lang/NoSuchMethodError'{0x00000000eb4145b8}: 'java.lang.Object java.lang.invoke.DirectMethodHandle$Holder.invokeSpecial(java.lang.Object, java.lang.Object, java.lang.Object, java.lang.Object, int)'> (0x00000000eb4145b8) 
thrown [s\src\hotspot\share\interpreter\linkResolver.cpp, line 773]
Event: 17.313 Thread 0x000001c1689a0590 Exception <a 'java/lang/NoSuchMethodError'{0x00000000eb417a50}: 'java.lang.Object java.lang.invoke.Invokers$Holder.linkToTargetMethod(java.lang.Object, java.lang.Object, int, java.lang.Object)'> (0x00000000eb417a50) 
thrown [s\src\hotspot\share\interpreter\linkResolver.cpp, line 773]
Event: 17.316 Thread 0x000001c1689a0590 Exception <a 'java/lang/NoSuchMethodError'{0x00000000eb422fb0}: 'void java.lang.invoke.DirectMethodHandle$Holder.invokeStaticInit(java.lang.Object, java.lang.Object, java.lang.Object)'> (0x00000000eb422fb0) 
thrown [s\src\hotspot\share\interpreter\linkResolver.cpp, line 773]
Event: 17.513 Thread 0x000001c10d3a0870 Exception <a 'java/lang/NoSuchMethodError'{0x00000000eb525298}: 'void java.lang.invoke.DirectMethodHandle$Holder.invokeSpecial(java.lang.Object, java.lang.Object, java.lang.Object, java.lang.Object, java.lang.Object, java.lang.Object)'> (0x00000000eb525298) 
thrown [s\src\hotspot\share\interpreter\linkResolver.cpp, line 773]
Event: 17.515 Thread 0x000001c10d3a0870 Exception <a 'java/lang/IncompatibleClassChangeError'{0x00000000eb52d700}: Found class java.lang.Object, but interface was expected> (0x00000000eb52d700) 
thrown [s\src\hotspot\share\interpreter\linkResolver.cpp, line 840]
Event: 17.516 Thread 0x000001c10d3a0870 Exception <a 'java/lang/IncompatibleClassChangeError'{0x00000000eb52f3c8}: Found class java.lang.Object, but interface was expected> (0x00000000eb52f3c8) 
thrown [s\src\hotspot\share\interpreter\linkResolver.cpp, line 840]
Event: 24.879 Thread 0x000001c16927cdf0 Exception <a 'java/lang/NoSuchMethodError'{0x00000000ebc99880}: 'java.lang.Object java.lang.invoke.DirectMethodHandle$Holder.invokeInterface(java.lang.Object, java.lang.Object, java.lang.Object)'> (0x00000000ebc99880) 
thrown [s\src\hotspot\share\interpreter\linkResolver.cpp, line 773]
Event: 25.017 Thread 0x000001c16927cdf0 Exception <a 'java/io/FileNotFoundException'{0x00000000ebd20cc8}> (0x00000000ebd20cc8) 
thrown [s\src\hotspot\share\prims\jni.cpp, line 520]

ZGC Phase Switch (0 events):
No events

VM Operations (20 events):
Event: 14.133 Executing VM operation: ParallelGCFailedAllocation (Allocation Failure)
Event: 14.617 Executing VM operation: ParallelGCFailedAllocation (Allocation Failure) done
Event: 14.823 Executing VM operation: HandshakeAllThreads (Deoptimize)
Event: 14.823 Executing VM operation: HandshakeAllThreads (Deoptimize) done
Event: 15.038 Executing VM operation: HandshakeAllThreads (Deoptimize)
Event: 15.038 Executing VM operation: HandshakeAllThreads (Deoptimize) done
Event: 15.039 Executing VM operation: HandshakeAllThreads (Deoptimize)
Event: 15.039 Executing VM operation: HandshakeAllThreads (Deoptimize) done
Event: 16.044 Executing VM operation: Cleanup
Event: 16.045 Executing VM operation: Cleanup done
Event: 16.918 Executing VM operation: ParallelGCFailedAllocation (Allocation Failure)
Event: 16.925 Executing VM operation: ParallelGCFailedAllocation (Allocation Failure) done
Event: 17.932 Executing VM operation: Cleanup
Event: 17.960 Executing VM operation: Cleanup done
Event: 18.973 Executing VM operation: Cleanup
Event: 18.973 Executing VM operation: Cleanup done
Event: 25.025 Executing VM operation: Cleanup
Event: 25.025 Executing VM operation: Cleanup done
Event: 25.054 Executing VM operation: ParallelGCFailedAllocation (Allocation Failure)
Event: 25.064 Executing VM operation: ParallelGCFailedAllocation (Allocation Failure) done

Memory protections (0 events):
No events

Nmethod flushes (0 events):
No events

Events (20 events):
Event: 10.059 Thread 0x000001c121740e90 Thread added: 0x000001c168a987d0
Event: 11.161 Thread 0x000001c168a987d0 Thread exited: 0x000001c168a987d0
Event: 13.178 Thread 0x000001c121740e90 Thread added: 0x000001c169529c00
Event: 13.595 Thread 0x000001c169529c00 Thread exited: 0x000001c169529c00
Event: 13.768 Thread 0x000001c1684fc310 Thread added: 0x000001c1689a0c20
Event: 13.969 Thread 0x000001c1689a0590 Thread added: 0x000001c1689a1fd0
Event: 13.984 Thread 0x000001c121740e90 Thread added: 0x000001c169529c00
Event: 14.617 Thread 0x000001c169529c00 Thread exited: 0x000001c169529c00
Event: 14.901 Thread 0x000001c1689a0c20 Thread exited: 0x000001c1689a0c20
Event: 15.146 Thread 0x000001c16378f030 Thread exited: 0x000001c16378f030
Event: 16.347 Thread 0x000001c1216cfb60 Thread added: 0x000001c16993b080
Event: 16.612 Thread 0x000001c16993b080 Thread exited: 0x000001c16993b080
Event: 16.638 Thread 0x000001c10d3a0870 Thread added: 0x000001c1689a0c20
Event: 16.638 Thread 0x000001c10d3a0870 Thread added: 0x000001c1689a2cf0
Event: 16.638 Thread 0x000001c10d3a0870 Thread added: 0x000001c1689a1940
Event: 16.638 Thread 0x000001c10d3a0870 Thread added: 0x000001c1689a2660
Event: 16.639 Thread 0x000001c10d3a0870 Thread added: 0x000001c16899ff00
Event: 16.701 Thread 0x000001c10d3a0870 Thread added: 0x000001c1689a12b0
Event: 17.606 Thread 0x000001c10d3a0870 Thread added: 0x000001c16899f870
Event: 17.606 Thread 0x000001c10d3a0870 Thread added: 0x000001c16927cdf0


Dynamic libraries:
0x00007ff637a50000 - 0x00007ff637a5e000 	c:\Users\wwwam\.vscode\extensions\redhat.java-1.42.0-win32-x64\jre\21.0.7-win32-x86_64\bin\java.exe
0x00007ffd6b070000 - 0x00007ffd6b268000 	C:\WINDOWS\SYSTEM32\ntdll.dll
0x00007ffd69120000 - 0x00007ffd691e2000 	C:\WINDOWS\System32\KERNEL32.DLL
0x00007ffd68b10000 - 0x00007ffd68e06000 	C:\WINDOWS\System32\KERNELBASE.dll
0x00007ffd68f20000 - 0x00007ffd69020000 	C:\WINDOWS\System32\ucrtbase.dll
0x00007ffd62700000 - 0x00007ffd62718000 	c:\Users\wwwam\.vscode\extensions\redhat.java-1.42.0-win32-x64\jre\21.0.7-win32-x86_64\bin\jli.dll
0x00007ffd69af0000 - 0x00007ffd69c8d000 	C:\WINDOWS\System32\USER32.dll
0x00007ffd689c0000 - 0x00007ffd689e2000 	C:\WINDOWS\System32\win32u.dll
0x00007ffd697c0000 - 0x00007ffd697eb000 	C:\WINDOWS\System32\GDI32.dll
0x00007ffd689f0000 - 0x00007ffd68b0a000 	C:\WINDOWS\System32\gdi32full.dll
0x00007ffd68920000 - 0x00007ffd689bd000 	C:\WINDOWS\System32\msvcp_win.dll
0x00007ffd60240000 - 0x00007ffd6025e000 	c:\Users\wwwam\.vscode\extensions\redhat.java-1.42.0-win32-x64\jre\21.0.7-win32-x86_64\bin\VCRUNTIME140.dll
0x00007ffd56f80000 - 0x00007ffd5721a000 	C:\WINDOWS\WinSxS\amd64_microsoft.windows.common-controls_6595b64144ccf1df_6.0.19041.5794_none_60bcd33171f2783c\COMCTL32.dll
0x00007ffd6a4f0000 - 0x00007ffd6a58e000 	C:\WINDOWS\System32\msvcrt.dll
0x00007ffd6a3a0000 - 0x00007ffd6a3cf000 	C:\WINDOWS\System32\IMM32.DLL
0x00007ffd647f0000 - 0x00007ffd647fc000 	c:\Users\wwwam\.vscode\extensions\redhat.java-1.42.0-win32-x64\jre\21.0.7-win32-x86_64\bin\vcruntime140_1.dll
0x00007ffd52bc0000 - 0x00007ffd52c4d000 	c:\Users\wwwam\.vscode\extensions\redhat.java-1.42.0-win32-x64\jre\21.0.7-win32-x86_64\bin\msvcp140.dll
0x00007ffd2cf60000 - 0x00007ffd2dcf0000 	c:\Users\wwwam\.vscode\extensions\redhat.java-1.42.0-win32-x64\jre\21.0.7-win32-x86_64\bin\server\jvm.dll
0x00007ffd697f0000 - 0x00007ffd6989f000 	C:\WINDOWS\System32\ADVAPI32.dll
0x00007ffd699f0000 - 0x00007ffd69a8f000 	C:\WINDOWS\System32\sechost.dll
0x00007ffd69680000 - 0x00007ffd697a3000 	C:\WINDOWS\System32\RPCRT4.dll
0x00007ffd69070000 - 0x00007ffd69097000 	C:\WINDOWS\System32\bcrypt.dll
0x00007ffd6a3d0000 - 0x00007ffd6a43b000 	C:\WINDOWS\System32\WS2_32.dll
0x00007ffd67ca0000 - 0x00007ffd67ceb000 	C:\WINDOWS\SYSTEM32\POWRPROF.dll
0x00007ffd57860000 - 0x00007ffd57887000 	C:\WINDOWS\SYSTEM32\WINMM.dll
0x00007ffd5c7a0000 - 0x00007ffd5c7aa000 	C:\WINDOWS\SYSTEM32\VERSION.dll
0x00007ffd67b10000 - 0x00007ffd67b22000 	C:\WINDOWS\SYSTEM32\UMPDC.dll
0x00007ffd66590000 - 0x00007ffd665a2000 	C:\WINDOWS\SYSTEM32\kernel.appcore.dll
0x00007ffd62d40000 - 0x00007ffd62d4a000 	c:\Users\wwwam\.vscode\extensions\redhat.java-1.42.0-win32-x64\jre\21.0.7-win32-x86_64\bin\jimage.dll
0x00007ffd57230000 - 0x00007ffd57431000 	C:\WINDOWS\SYSTEM32\DBGHELP.DLL
0x00007ffd519b0000 - 0x00007ffd519e4000 	C:\WINDOWS\SYSTEM32\dbgcore.DLL
0x00007ffd68e90000 - 0x00007ffd68f12000 	C:\WINDOWS\System32\bcryptPrimitives.dll
0x00007ffd62cd0000 - 0x00007ffd62cdf000 	c:\Users\wwwam\.vscode\extensions\redhat.java-1.42.0-win32-x64\jre\21.0.7-win32-x86_64\bin\instrument.dll
0x00007ffd5b5f0000 - 0x00007ffd5b60f000 	c:\Users\wwwam\.vscode\extensions\redhat.java-1.42.0-win32-x64\jre\21.0.7-win32-x86_64\bin\java.dll
0x00007ffd6a6a0000 - 0x00007ffd6ae0e000 	C:\WINDOWS\System32\SHELL32.dll
0x00007ffd66790000 - 0x00007ffd66f33000 	C:\WINDOWS\SYSTEM32\windows.storage.dll
0x00007ffd691f0000 - 0x00007ffd69543000 	C:\WINDOWS\System32\combase.dll
0x00007ffd68140000 - 0x00007ffd6816b000 	C:\WINDOWS\SYSTEM32\Wldp.dll
0x00007ffd69920000 - 0x00007ffd699ed000 	C:\WINDOWS\System32\OLEAUT32.dll
0x00007ffd6a5f0000 - 0x00007ffd6a69d000 	C:\WINDOWS\System32\SHCORE.dll
0x00007ffd6ae10000 - 0x00007ffd6ae65000 	C:\WINDOWS\System32\shlwapi.dll
0x00007ffd68640000 - 0x00007ffd68665000 	C:\WINDOWS\SYSTEM32\profapi.dll
0x00007ffd5b4d0000 - 0x00007ffd5b4e8000 	c:\Users\wwwam\.vscode\extensions\redhat.java-1.42.0-win32-x64\jre\21.0.7-win32-x86_64\bin\zip.dll
0x00007ffd62890000 - 0x00007ffd628a0000 	C:\Users\wwwam\.vscode\extensions\redhat.java-1.42.0-win32-x64\jre\21.0.7-win32-x86_64\bin\net.dll
0x00007ffd5cda0000 - 0x00007ffd5ceaa000 	C:\WINDOWS\SYSTEM32\WINHTTP.dll
0x00007ffd67ea0000 - 0x00007ffd67f0c000 	C:\WINDOWS\system32\mswsock.dll
0x00007ffd5ac60000 - 0x00007ffd5ac76000 	C:\Users\wwwam\.vscode\extensions\redhat.java-1.42.0-win32-x64\jre\21.0.7-win32-x86_64\bin\nio.dll
0x00007ffd62800000 - 0x00007ffd62810000 	c:\Users\wwwam\.vscode\extensions\redhat.java-1.42.0-win32-x64\jre\21.0.7-win32-x86_64\bin\verify.dll
0x00007ffd53020000 - 0x00007ffd53065000 	C:\Users\wwwam\AppData\Roaming\Code\User\globalStorage\redhat.java\1.42.0\config_ss_win\org.eclipse.equinox.launcher\org.eclipse.equinox.launcher.win32.win32.x86_64_1.2.1300.v20250331-1702\eclipse_11911.dll
0x00007ffd69550000 - 0x00007ffd6967b000 	C:\WINDOWS\System32\ole32.dll
0x00007ffd68090000 - 0x00007ffd680a8000 	C:\WINDOWS\SYSTEM32\CRYPTSP.dll
0x00007ffd67750000 - 0x00007ffd67788000 	C:\WINDOWS\system32\rsaenh.dll
0x00007ffd68600000 - 0x00007ffd6862e000 	C:\WINDOWS\SYSTEM32\USERENV.dll
0x00007ffd680b0000 - 0x00007ffd680bc000 	C:\WINDOWS\SYSTEM32\CRYPTBASE.dll
0x00007ffd67b30000 - 0x00007ffd67b6b000 	C:\WINDOWS\SYSTEM32\IPHLPAPI.DLL
0x00007ffd6b020000 - 0x00007ffd6b028000 	C:\WINDOWS\System32\NSI.dll
0x00007ffd52e50000 - 0x00007ffd52e99000 	C:\Users\wwwam\AppData\Local\Temp\jna-113561603\jna3218602332825590490.dll
0x00007ffd69d70000 - 0x00007ffd69d78000 	C:\WINDOWS\System32\PSAPI.DLL
0x00007ffd5d270000 - 0x00007ffd5d287000 	C:\WINDOWS\SYSTEM32\dhcpcsvc6.DLL
0x00007ffd5fea0000 - 0x00007ffd5febd000 	C:\WINDOWS\SYSTEM32\dhcpcsvc.DLL

dbghelp: loaded successfully - version: 4.0.5 - missing functions: none
symbol engine: initialized successfully - sym options: 0x614 - pdb path: .;c:\Users\wwwam\.vscode\extensions\redhat.java-1.42.0-win32-x64\jre\21.0.7-win32-x86_64\bin;C:\WINDOWS\SYSTEM32;C:\WINDOWS\WinSxS\amd64_microsoft.windows.common-controls_6595b64144ccf1df_6.0.19041.5794_none_60bcd33171f2783c;c:\Users\wwwam\.vscode\extensions\redhat.java-1.42.0-win32-x64\jre\21.0.7-win32-x86_64\bin\server;C:\Users\wwwam\AppData\Roaming\Code\User\globalStorage\redhat.java\1.42.0\config_ss_win\org.eclipse.equinox.launcher\org.eclipse.equinox.launcher.win32.win32.x86_64_1.2.1300.v20250331-1702;C:\Users\wwwam\AppData\Local\Temp\jna-113561603

VM Arguments:
jvm_args: --add-modules=ALL-SYSTEM --add-opens=java.base/java.util=ALL-UNNAMED --add-opens=java.base/java.lang=ALL-UNNAMED --add-opens=java.base/sun.nio.fs=ALL-UNNAMED -Declipse.application=org.eclipse.jdt.ls.core.id1 -Dosgi.bundles.defaultStartLevel=4 -Declipse.product=org.eclipse.jdt.ls.core.product -Djava.import.generatesMetadataFilesAtProjectRoot=false -DDetectVMInstallationsJob.disabled=true -Dfile.encoding=utf8 -XX:+UseParallelGC -XX:GCTimeRatio=4 -XX:AdaptiveSizePolicyWeight=90 -Dsun.zip.disableMemoryMapping=true -Xmx1G -Xms100m -Xlog:disable -javaagent:c:\Users\wwwam\.vscode\extensions\redhat.java-1.42.0-win32-x64\lombok\lombok-1.18.36.jar 
java_command: c:\Users\wwwam\.vscode\extensions\redhat.java-1.42.0-win32-x64\server\plugins\org.eclipse.equinox.launcher_1.7.0.v20250424-1814.jar -configuration c:\Users\wwwam\AppData\Roaming\Code\User\globalStorage\redhat.java\1.42.0\config_ss_win -data c:\Users\wwwam\AppData\Roaming\Code\User\workspaceStorage\435db6a3ad62e4bc71df4ff9a4b5279e\redhat.java\ss_ws --pipe=\\.\pipe\lsp-3c6a7915e99d472cae6266c72aead603-sock
java_class_path (initial): c:\Users\wwwam\.vscode\extensions\redhat.java-1.42.0-win32-x64\server\plugins\org.eclipse.equinox.launcher_1.7.0.v20250424-1814.jar
Launcher Type: SUN_STANDARD

[Global flags]
    uintx AdaptiveSizePolicyWeight                 = 90                                        {product} {command line}
     intx CICompilerCount                          = 3                                         {product} {ergonomic}
    uintx GCTimeRatio                              = 4                                         {product} {command line}
   size_t InitialHeapSize                          = 104857600                                 {product} {command line}
   size_t MaxHeapSize                              = 1073741824                                {product} {command line}
   size_t MaxNewSize                               = 357564416                                 {product} {ergonomic}
   size_t MinHeapDeltaBytes                        = 524288                                    {product} {ergonomic}
   size_t MinHeapSize                              = 104857600                                 {product} {command line}
   size_t NewSize                                  = 34603008                                  {product} {ergonomic}
    uintx NonNMethodCodeHeapSize                   = 5832780                                {pd product} {ergonomic}
    uintx NonProfiledCodeHeapSize                  = 122912730                              {pd product} {ergonomic}
   size_t OldSize                                  = 70254592                                  {product} {ergonomic}
    uintx ProfiledCodeHeapSize                     = 122912730                              {pd product} {ergonomic}
    uintx ReservedCodeCacheSize                    = 251658240                              {pd product} {ergonomic}
     bool SegmentedCodeCache                       = true                                      {product} {ergonomic}
   size_t SoftMaxHeapSize                          = 1073741824                             {manageable} {ergonomic}
     bool UseCompressedOops                        = true                           {product lp64_product} {ergonomic}
     bool UseLargePagesIndividualAllocation        = false                                  {pd product} {ergonomic}
     bool UseParallelGC                            = true                                      {product} {command line}

Logging:
Log output configuration:
 #0: stdout all=off uptime,level,tags foldmultilines=false
 #1: stderr all=off uptime,level,tags foldmultilines=false

Environment Variables:
JAVA_HOME=C:\Program Files\Java\jdk-23
PATH=C:\Program Files\Common Files\Oracle\Java\javapath;C:\Program Files (x86)\Common Files\Oracle\Java\javapath;C:\Python311\Scripts\;C:\Python311\;C:\WINDOWS\system32;C:\WINDOWS;C:\WINDOWS\System32\Wbem;C:\WINDOWS\System32\WindowsPowerShell\v1.0\;C:\WINDOWS\System32\OpenSSH\;C:\Program Files (x86)\HP\Common\HPDestPlgIn\;C:\Program Files\PuTTY\;C:\ProgramData\chocolatey\bin;C:\Program Files\nodejs\;C:\Program Files\nodejs\node_modules\npm;C:\ProgramData\ComposerSetup\bin;C:\mingw64\bin;C:\Program Files\gettext-iconv\bin;C:\Program Files (x86)\Gpg4win\..\GnuPG\bin;C:\Program Files\apache-maven-3.9.9\bin;C:\Program Files\Java\jdk-23\bin;C:\Program Files\Java\jdk-23\bin;C:\Program Files\Git\cmd;C:\Program Files\Git\usr\bin;C:\Program Files\MySQL\MySQL Shell 8.0\bin\;C:\Users\wwwam\AppData\Local\Microsoft\WindowsApps;C:\Users\wwwam\Desktop\php;C:\Users\wwwam\AppData\Local\Programs\Microsoft VS Code\bin;C:\Program Files (x86)\HP\Common\HPDestPlgIn\;C:\Users\wwwam\AppData\Roaming\npm;C:\Users\wwwam\AppData\Roaming\Composer\vendor\bin;C:\Program Files\JetBrains\IntelliJ IDEA Community Edition 2024.2.4\bin;;C:\Users\wwwam\AppData\Local\Programs\Ollama
USERNAME=wwwam
OS=Windows_NT
PROCESSOR_IDENTIFIER=Intel64 Family 6 Model 69 Stepping 1, GenuineIntel
TMP=C:\Users\wwwam\AppData\Local\Temp
TEMP=C:\Users\wwwam\AppData\Local\Temp




Periodic native trim disabled

---------------  S Y S T E M  ---------------

OS:
 Windows 10 , 64 bit Build 19041 (10.0.19041.5794)
OS uptime: 0 days 10:51 hours

CPU: total 4 (initial active 4) (2 cores per cpu, 2 threads per core) family 6 model 69 stepping 1 microcode 0x25, cx8, cmov, fxsr, ht, mmx, sse, sse2, sse3, ssse3, sse4.1, sse4.2, popcnt, lzcnt, tsc, tscinvbit, avx, avx2, aes, erms, clmul, bmi1, bmi2, fma, vzeroupper, clflush, rdtscp, f16c
Processor Information for the first 4 processors :
  Max Mhz: 1701, Current Mhz: 1700, Mhz Limit: 1683

Memory: 4k page, system-wide physical 4013M (388M free)
TotalPageFile size 6807M (AvailPageFile size 39M)
current process WorkingSet (physical memory assigned to process): 142M, peak: 158M
current process commit charge ("private bytes"): 231M, peak: 249M

vm_info: OpenJDK 64-Bit Server VM (21.0.7+6-LTS) for windows-amd64 JRE (21.0.7+6-LTS), built on 2025-04-15T00:00:00Z by "admin" with MS VC++ 17.7 (VS2022)

END.
